task_id,representation,dsl_design,replicate,model,model_revision,temperature,seed,artifact_hash,parse_success,compile_success,runtime_success,unsupported,support_status,hidden_traces_tested,positive_traces,negative_traces,false_accepts,false_rejects,total_mismatches,first_attempt_correct,failure_category,failure_detail,exact_equivalence_checked,exact_equivalence_result,system_prompt_hash,user_prompt_hash,response_hash
audit_01,a1,,0,llama3.2:3b,a80c4f17acd5,0.7,20261100,80d9761a5eceb95497ebe4d332e8af8a83c50a534a459c33145108fd73af0f62,False,False,False,False,attempted,0,0,0,0,0,0,False,syntax failure,FormulaSyntaxError: unexpected character at offset 9,False,,de9dde5047bc260205e352e0e57d5de9ee53d16141b8bee7b2874204604194b3,71e29d529593c1e9a420ee5a993a15e0b13b7a0bc09c7fce52198411ac186fc5,de8a6295050ee9278fce621e00bbf5134af51071c03d0f11a22ff82125d0c030
audit_01,a1,,1,llama3.2:3b,a80c4f17acd5,0.7,20261101,20be228c98c03219b22a400390f260afb47055c964e7e0943f761ba1130bf0a7,True,True,True,False,attempted,4500,2734,1766,678,1460,2138,False,other semantic error,,False,,de9dde5047bc260205e352e0e57d5de9ee53d16141b8bee7b2874204604194b3,71e29d529593c1e9a420ee5a993a15e0b13b7a0bc09c7fce52198411ac186fc5,5e7f6ea3633c2c1b31b8c8b3a6c107e7c5d8d2f100378f2487082980053f54ae
audit_01,a1,,2,llama3.2:3b,a80c4f17acd5,0.7,20261102,3478ba950a3f941fd9a88e208b6db86a142770b8f6b1f01f3a33cd9f8465d1ea,False,False,False,False,attempted,0,0,0,0,0,0,False,syntax failure,FormulaSyntaxError: unexpected character at offset 9,False,,de9dde5047bc260205e352e0e57d5de9ee53d16141b8bee7b2874204604194b3,71e29d529593c1e9a420ee5a993a15e0b13b7a0bc09c7fce52198411ac186fc5,8299ab283df29c4c14f3b271b04c533699f34ef00139c4468f60a5878b8b946c
audit_01,a1,,3,llama3.2:3b,a80c4f17acd5,0.7,20261103,ee8de409d9570bfd86ece67f8a82f202b44a4a14142870f5820e34d7adbb5da9,True,True,True,False,attempted,4500,2734,1766,906,1030,1936,False,other semantic error,,False,,de9dde5047bc260205e352e0e57d5de9ee53d16141b8bee7b2874204604194b3,71e29d529593c1e9a420ee5a993a15e0b13b7a0bc09c7fce52198411ac186fc5,608157802e765ef323fe2f315320c225cad0ad2b56ae2efe2faff67ac1179ec6
audit_01,a1,,4,llama3.2:3b,a80c4f17acd5,0.7,20261104,116327b87e5461b4c8a1ea3c4b60d72361a6962bc09747eae629ec694cc62ab9,False,False,False,False,attempted,0,0,0,0,0,0,False,syntax failure,FormulaSyntaxError: unexpected character at offset 14,False,,de9dde5047bc260205e352e0e57d5de9ee53d16141b8bee7b2874204604194b3,71e29d529593c1e9a420ee5a993a15e0b13b7a0bc09c7fce52198411ac186fc5,1429ffbc31a887691a7984c94a76a0e79286c644fdd76774bbe040f3b90a070b
audit_01,a1,,5,llama3.2:3b,a80c4f17acd5,0.7,20261105,fecaf3e976e24b3daf82c977a79ece0871e446911b0d6e1033183505f5fe4192,False,False,False,False,attempted,0,0,0,0,0,0,False,syntax failure,"FormulaSyntaxError: expected formula, found None",False,,de9dde5047bc260205e352e0e57d5de9ee53d16141b8bee7b2874204604194b3,71e29d529593c1e9a420ee5a993a15e0b13b7a0bc09c7fce52198411ac186fc5,29148c4b08b6803cd1a1d58945903511ba592dc2cc5c6c6d01bdeda13c3b4439
audit_01,a1,,6,llama3.2:3b,a80c4f17acd5,0.7,20261106,e75fc9ef63c692a06b590d3724f6699559538c656e57ac962820b5487bf58419,False,False,False,False,attempted,0,0,0,0,0,0,False,syntax failure,FormulaSyntaxError: unexpected character at offset 8,False,,de9dde5047bc260205e352e0e57d5de9ee53d16141b8bee7b2874204604194b3,71e29d529593c1e9a420ee5a993a15e0b13b7a0bc09c7fce52198411ac186fc5,5e2683ae1323a233c24c98c66dc556cc49d6b6a217aca38206e79873103812d5
audit_01,a1,,7,llama3.2:3b,a80c4f17acd5,0.7,20261107,9ca8fe24b648a3a820ae5c50950d24b35de469ba1017f1adf91b48ba4c489c7e,False,False,False,False,attempted,0,0,0,0,0,0,False,syntax failure,FormulaSyntaxError: unexpected character at offset 8,False,,de9dde5047bc260205e352e0e57d5de9ee53d16141b8bee7b2874204604194b3,71e29d529593c1e9a420ee5a993a15e0b13b7a0bc09c7fce52198411ac186fc5,a4c82e0a0a4b41846e94fc2b180c1fe89bb9e7473b6eb9f1866b25e4bd84f3b4
audit_01,a1,,8,llama3.2:3b,a80c4f17acd5,0.7,20261108,fecaf3e976e24b3daf82c977a79ece0871e446911b0d6e1033183505f5fe4192,False,False,False,False,attempted,0,0,0,0,0,0,False,syntax failure,"FormulaSyntaxError: expected formula, found None",False,,de9dde5047bc260205e352e0e57d5de9ee53d16141b8bee7b2874204604194b3,71e29d529593c1e9a420ee5a993a15e0b13b7a0bc09c7fce52198411ac186fc5,29148c4b08b6803cd1a1d58945903511ba592dc2cc5c6c6d01bdeda13c3b4439
audit_01,a1,,9,llama3.2:3b,a80c4f17acd5,0.7,20261109,3b02d7c096ebae721dee584f32eedede79148471e30ae8649f2157782d3724ae,False,False,False,False,attempted,0,0,0,0,0,0,False,syntax failure,"FormulaSyntaxError: expected formula, found ')'",False,,de9dde5047bc260205e352e0e57d5de9ee53d16141b8bee7b2874204604194b3,71e29d529593c1e9a420ee5a993a15e0b13b7a0bc09c7fce52198411ac186fc5,00992619adc6c6bd3b7ce46deeb170fedfeed6d4c9af3d2c67c93e06777ee55d
audit_01,a2a,design_a,0,llama3.2:3b,a80c4f17acd5,0.7,20261200,415b96e2e87cbaa8b6d6415948aa9705f7b3f870909530584129c261e631854f,False,False,False,False,attempted,0,0,0,0,0,0,False,syntax failure,"DSLParseError: expected '(' to start a task construct at line 1, column 1",False,,de9dde5047bc260205e352e0e57d5de9ee53d16141b8bee7b2874204604194b3,4a1f874671080883941656ad2856d196b6c757194d33b62cb5bbb9e296f61dc4,38757bdb39bc1ade36cf83aa766713e52b912961f43f0a5d05df7a8ec5bcc5dd
audit_01,a2a,design_a,1,llama3.2:3b,a80c4f17acd5,0.7,20261201,620f2dfd431d5045f9b2369e25d673fcf65b4a56fc1405fe123182410f64760f,False,False,False,False,attempted,0,0,0,0,0,0,False,syntax failure,"DSLParseError: expected '(' to start a task construct at line 1, column 1",False,,de9dde5047bc260205e352e0e57d5de9ee53d16141b8bee7b2874204604194b3,4a1f874671080883941656ad2856d196b6c757194d33b62cb5bbb9e296f61dc4,a37ec37d9e24b4fc20c20e9f6d456f62d490d048edb3e29c7d80b178f598084c
audit_01,a2a,design_a,2,llama3.2:3b,a80c4f17acd5,0.7,20261202,6be1c1fd7601e34cb256a8a866b72d004ede82748cf52ed2a11ee045b29e9888,False,False,False,False,attempted,0,0,0,0,0,0,False,syntax failure,"DSLParseError: expected '(' to start a task construct at line 1, column 1",False,,de9dde5047bc260205e352e0e57d5de9ee53d16141b8bee7b2874204604194b3,4a1f874671080883941656ad2856d196b6c757194d33b62cb5bbb9e296f61dc4,926b265f2db83e2ce9e72987c82bbc0b5cd1bf6df3bcc27bf7927048a65db3fb
audit_01,a2a,design_a,3,llama3.2:3b,a80c4f17acd5,0.7,20261203,1dd4a59b8b86cfbdab15c7d1e26b55d5d4979c0d97f46aa04f52ab42cad2fd28,False,False,False,False,attempted,0,0,0,0,0,0,False,syntax failure,"DSLParseError: expected '(' to start a task construct at line 1, column 1",False,,de9dde5047bc260205e352e0e57d5de9ee53d16141b8bee7b2874204604194b3,4a1f874671080883941656ad2856d196b6c757194d33b62cb5bbb9e296f61dc4,5797a2a3a12c9f7cc769b8c5cbf9c06a7b078eb6f1a898872a5110c540bc96fe
audit_01,a2a,design_a,4,llama3.2:3b,a80c4f17acd5,0.7,20261204,c8f25b3c0a1e0ac448e074c3885dde91ddb34169469d01bb901bd9c35effa04f,False,False,False,False,attempted,0,0,0,0,0,0,False,syntax failure,"DSLParseError: expected '(' to start a task construct at line 1, column 1",False,,de9dde5047bc260205e352e0e57d5de9ee53d16141b8bee7b2874204604194b3,4a1f874671080883941656ad2856d196b6c757194d33b62cb5bbb9e296f61dc4,70862da1d72aab1a7e7865a9a3dd422deed883fe524b7cca10a32d28aac61764
audit_01,a2a,design_a,5,llama3.2:3b,a80c4f17acd5,0.7,20261205,38fc085c047227dc85382b7bbfc88a62f5260105715164da05b6246f20042c03,False,False,False,False,attempted,0,0,0,0,0,0,False,syntax failure,"DSLParseError: expected '(' to start a task construct at line 1, column 1",False,,de9dde5047bc260205e352e0e57d5de9ee53d16141b8bee7b2874204604194b3,4a1f874671080883941656ad2856d196b6c757194d33b62cb5bbb9e296f61dc4,5529b8d12d2317247818597ca33b180d13e98bad1613138da2fed735ed3e5a05
audit_01,a2a,design_a,6,llama3.2:3b,a80c4f17acd5,0.7,20261206,f260abf48e3e55e9afd8cc3f8fcc83a48dfd8ae4dc608d89aeeb5b20be9e6886,False,False,False,False,attempted,0,0,0,0,0,0,False,syntax failure,"DSLParseError: expected '(' to start a task construct at line 1, column 1",False,,de9dde5047bc260205e352e0e57d5de9ee53d16141b8bee7b2874204604194b3,4a1f874671080883941656ad2856d196b6c757194d33b62cb5bbb9e296f61dc4,d3e9b7ca347848ad35b8e6d3f82cc1584000c9a25f6f1f050edecc8b3db79438
audit_01,a2a,design_a,7,llama3.2:3b,a80c4f17acd5,0.7,20261207,b758d7384ae37b76073873c0fc4d89e4b59339fe02b629050ea7a1dcda723048,False,False,False,False,attempted,0,0,0,0,0,0,False,syntax failure,"DSLParseError: expected '(' to start a task construct at line 1, column 1",False,,de9dde5047bc260205e352e0e57d5de9ee53d16141b8bee7b2874204604194b3,4a1f874671080883941656ad2856d196b6c757194d33b62cb5bbb9e296f61dc4,d055b25a35a19b27009307580c22577604413ca017a10884951b6473d9da05ba
audit_01,a2a,design_a,8,llama3.2:3b,a80c4f17acd5,0.7,20261208,178c4e2dcefd8050b7fe5b7d70336d823df3fa0267721c93ba6cebe4474a19e7,False,False,False,False,attempted,0,0,0,0,0,0,False,syntax failure,"DSLParseError: expected '(' to start a task construct at line 1, column 1",False,,de9dde5047bc260205e352e0e57d5de9ee53d16141b8bee7b2874204604194b3,4a1f874671080883941656ad2856d196b6c757194d33b62cb5bbb9e296f61dc4,82db38b9a5881009201b71630348f9647c24dffa51781a896b61bd466482297d
audit_01,a2a,design_a,9,llama3.2:3b,a80c4f17acd5,0.7,20261209,0908981bd6072e4ab8716850be82cec253e43565eec983539bc5fc9d022e3ea6,False,False,False,False,attempted,0,0,0,0,0,0,False,syntax failure,"DSLParseError: expected '(' to start a task construct at line 1, column 1",False,,de9dde5047bc260205e352e0e57d5de9ee53d16141b8bee7b2874204604194b3,4a1f874671080883941656ad2856d196b6c757194d33b62cb5bbb9e296f61dc4,5d75170f5990a95a43033b74ba0464692e4ce80a598b0c23f12cd973c7a34845
audit_01,a2b,design_b,0,llama3.2:3b,a80c4f17acd5,0.7,20261300,72a2bde16875413d952364a2dbb0260e0508b444f738f69170140265ac8cd594,True,True,True,False,attempted,4500,2734,1766,0,0,0,True,none,,False,,de9dde5047bc260205e352e0e57d5de9ee53d16141b8bee7b2874204604194b3,9e813e346bd29dd39c2a609a1223d0aab28ad269c9b123976b54ec281afc4f99,b3042c24821aafe67db234d65156a900e073e1545c11e86fa69ab258ffc3faea
audit_01,a2b,design_b,1,llama3.2:3b,a80c4f17acd5,0.7,20261301,72a2bde16875413d952364a2dbb0260e0508b444f738f69170140265ac8cd594,True,True,True,False,attempted,4500,2734,1766,0,0,0,True,none,,False,,de9dde5047bc260205e352e0e57d5de9ee53d16141b8bee7b2874204604194b3,9e813e346bd29dd39c2a609a1223d0aab28ad269c9b123976b54ec281afc4f99,b3042c24821aafe67db234d65156a900e073e1545c11e86fa69ab258ffc3faea
audit_01,a2b,design_b,2,llama3.2:3b,a80c4f17acd5,0.7,20261302,72a2bde16875413d952364a2dbb0260e0508b444f738f69170140265ac8cd594,True,True,True,False,attempted,4500,2734,1766,0,0,0,True,none,,False,,de9dde5047bc260205e352e0e57d5de9ee53d16141b8bee7b2874204604194b3,9e813e346bd29dd39c2a609a1223d0aab28ad269c9b123976b54ec281afc4f99,b3042c24821aafe67db234d65156a900e073e1545c11e86fa69ab258ffc3faea
audit_01,a2b,design_b,3,llama3.2:3b,a80c4f17acd5,0.7,20261303,72a2bde16875413d952364a2dbb0260e0508b444f738f69170140265ac8cd594,True,True,True,False,attempted,4500,2734,1766,0,0,0,True,none,,False,,de9dde5047bc260205e352e0e57d5de9ee53d16141b8bee7b2874204604194b3,9e813e346bd29dd39c2a609a1223d0aab28ad269c9b123976b54ec281afc4f99,b3042c24821aafe67db234d65156a900e073e1545c11e86fa69ab258ffc3faea
audit_01,a2b,design_b,4,llama3.2:3b,a80c4f17acd5,0.7,20261304,72a2bde16875413d952364a2dbb0260e0508b444f738f69170140265ac8cd594,True,True,True,False,attempted,4500,2734,1766,0,0,0,True,none,,False,,de9dde5047bc260205e352e0e57d5de9ee53d16141b8bee7b2874204604194b3,9e813e346bd29dd39c2a609a1223d0aab28ad269c9b123976b54ec281afc4f99,b3042c24821aafe67db234d65156a900e073e1545c11e86fa69ab258ffc3faea
audit_01,a2b,design_b,5,llama3.2:3b,a80c4f17acd5,0.7,20261305,aae69da7fe2928f311b73e8514b48e7904f95bc36cc3b5c97edc975008e8d9b7,False,False,False,False,attempted,0,0,0,0,0,0,False,syntax failure,DSLSyntaxError: unexpected text at character 0: '# train_01.task',False,,de9dde5047bc260205e352e0e57d5de9ee53d16141b8bee7b2874204604194b3,9e813e346bd29dd39c2a609a1223d0aab28ad269c9b123976b54ec281afc4f99,82f545e05181f983e9401fde4cf1271d315c710e6d2c67ba15241877ff5ad584
audit_01,a2b,design_b,6,llama3.2:3b,a80c4f17acd5,0.7,20261306,72a2bde16875413d952364a2dbb0260e0508b444f738f69170140265ac8cd594,True,True,True,False,attempted,4500,2734,1766,0,0,0,True,none,,False,,de9dde5047bc260205e352e0e57d5de9ee53d16141b8bee7b2874204604194b3,9e813e346bd29dd39c2a609a1223d0aab28ad269c9b123976b54ec281afc4f99,b3042c24821aafe67db234d65156a900e073e1545c11e86fa69ab258ffc3faea
audit_01,a2b,design_b,7,llama3.2:3b,a80c4f17acd5,0.7,20261307,72a2bde16875413d952364a2dbb0260e0508b444f738f69170140265ac8cd594,True,True,True,False,attempted,4500,2734,1766,0,0,0,True,none,,False,,de9dde5047bc260205e352e0e57d5de9ee53d16141b8bee7b2874204604194b3,9e813e346bd29dd39c2a609a1223d0aab28ad269c9b123976b54ec281afc4f99,b3042c24821aafe67db234d65156a900e073e1545c11e86fa69ab258ffc3faea
audit_01,a2b,design_b,8,llama3.2:3b,a80c4f17acd5,0.7,20261308,72a2bde16875413d952364a2dbb0260e0508b444f738f69170140265ac8cd594,True,True,True,False,attempted,4500,2734,1766,0,0,0,True,none,,False,,de9dde5047bc260205e352e0e57d5de9ee53d16141b8bee7b2874204604194b3,9e813e346bd29dd39c2a609a1223d0aab28ad269c9b123976b54ec281afc4f99,b3042c24821aafe67db234d65156a900e073e1545c11e86fa69ab258ffc3faea
audit_01,a2b,design_b,9,llama3.2:3b,a80c4f17acd5,0.7,20261309,c7237a4c561da3db6538cd20d8e529dc258242880aeed46689019b7681df93a1,False,False,False,False,attempted,0,0,0,0,0,0,False,syntax failure,"DSLSyntaxError: unexpected text at character 77: '(source=""seen A""'",False,,de9dde5047bc260205e352e0e57d5de9ee53d16141b8bee7b2874204604194b3,9e813e346bd29dd39c2a609a1223d0aab28ad269c9b123976b54ec281afc4f99,7c85f1cb86c63f56676bb6e6ba374c8fc186dcf2a7b8236235bc12ece3a5fc53
audit_01,a2c,design_c,0,llama3.2:3b,a80c4f17acd5,0.7,20261400,c78339cfadf8b38c599e868a761d02964c449b4d1a27f5f860d1577b23c267e0,False,False,False,False,attempted,0,0,0,0,0,0,False,syntax failure,"DSLParseError: unexpected character ':' at line 1, column 23",False,,de9dde5047bc260205e352e0e57d5de9ee53d16141b8bee7b2874204604194b3,0c642d40b1213adaa65e785697a9d00fe97ea330af6fd143ac289bcc02ecd459,4d24e9d6ab0182b5867b5880dfe8811ed344fa95e980b4dbf521a61c930ac5e2
audit_01,a2c,design_c,1,llama3.2:3b,a80c4f17acd5,0.7,20261401,4c1aee94803bdc3f26f34e5700bfcfb211dfc683f7be734238bf0f9b638fd137,False,False,False,False,attempted,0,0,0,0,0,0,False,syntax failure,"DSLParseError: unexpected character '{' at line 1, column 1",False,,de9dde5047bc260205e352e0e57d5de9ee53d16141b8bee7b2874204604194b3,0c642d40b1213adaa65e785697a9d00fe97ea330af6fd143ac289bcc02ecd459,b3a8dd766bcd763649c9e70872b451126c1eef56a6b9e659e90f265a3a616b9a
audit_01,a2c,design_c,2,llama3.2:3b,a80c4f17acd5,0.7,20261402,95de8c7f61221eb7e3919f1894472415c04d8383eeebc882b43487f340b459a7,False,False,False,False,attempted,0,0,0,0,0,0,False,syntax failure,"DSLParseError: unexpected character ':' at line 1, column 5",False,,de9dde5047bc260205e352e0e57d5de9ee53d16141b8bee7b2874204604194b3,0c642d40b1213adaa65e785697a9d00fe97ea330af6fd143ac289bcc02ecd459,05ef8c703e7719ec85c4788dfa182ef0b044daabe3bdae104778012ac311f733
audit_01,a2c,design_c,3,llama3.2:3b,a80c4f17acd5,0.7,20261403,c6ab7c574d42dec647d0acb13b3182799eec6aee98c7ab4fe1923b7214e37622,False,False,False,False,attempted,0,0,0,0,0,0,False,syntax failure,"DSLParseError: unexpected character '=' at line 3, column 6",False,,de9dde5047bc260205e352e0e57d5de9ee53d16141b8bee7b2874204604194b3,0c642d40b1213adaa65e785697a9d00fe97ea330af6fd143ac289bcc02ecd459,cd0b5e923fed9fc468743ee55686129bbe69403195d979a580e26ece763199e4
audit_01,a2c,design_c,4,llama3.2:3b,a80c4f17acd5,0.7,20261404,e90dc97ff1b6e0bd6ff9ee5d936167e50412b96aefc030049260207222d091ce,False,False,False,False,attempted,0,0,0,0,0,0,False,syntax failure,"DSLParseError: unexpected character '=' at line 3, column 6",False,,de9dde5047bc260205e352e0e57d5de9ee53d16141b8bee7b2874204604194b3,0c642d40b1213adaa65e785697a9d00fe97ea330af6fd143ac289bcc02ecd459,daaabc5569c9a260802f417b335fd6adf460a3580129743d984def5ddf0e244a
audit_01,a2c,design_c,5,llama3.2:3b,a80c4f17acd5,0.7,20261405,a6e5717197bbba2890b8bb76b3bb4cff83309515495c46f981f7daf8cbc534da,False,False,False,False,attempted,0,0,0,0,0,0,False,syntax failure,"DSLParseError: unexpected character '=' at line 1, column 6",False,,de9dde5047bc260205e352e0e57d5de9ee53d16141b8bee7b2874204604194b3,0c642d40b1213adaa65e785697a9d00fe97ea330af6fd143ac289bcc02ecd459,0161cb492eb1b1d226d9104962962dd0579268c8dc957dc0abd17dac0726edea
audit_01,a2c,design_c,6,llama3.2:3b,a80c4f17acd5,0.7,20261406,a0b0648a3b742d5177e803e6fd5b54ae8d0107dbf9e25eaa9cfc0efb211e182c,False,False,False,False,attempted,0,0,0,0,0,0,False,syntax failure,"DSLParseError: unexpected character '=' at line 3, column 6",False,,de9dde5047bc260205e352e0e57d5de9ee53d16141b8bee7b2874204604194b3,0c642d40b1213adaa65e785697a9d00fe97ea330af6fd143ac289bcc02ecd459,57eb558e916f8e4a45ec8aae80348a69e7df8bd96d37fd47fe07abe7152aaf98
audit_01,a2c,design_c,7,llama3.2:3b,a80c4f17acd5,0.7,20261407,1696ff376000525acb11d3b2eb621032dd89e40f2930de2e4121054ccb7891e0,True,True,True,False,attempted,4500,2734,1766,0,0,0,True,none,,False,,de9dde5047bc260205e352e0e57d5de9ee53d16141b8bee7b2874204604194b3,0c642d40b1213adaa65e785697a9d00fe97ea330af6fd143ac289bcc02ecd459,60f3d8d5fee2f072ed98968091d7235e4a45c4496e6d2beeb0b6aa4befedda2c
audit_01,a2c,design_c,8,llama3.2:3b,a80c4f17acd5,0.7,20261408,424e8a3ea298630933039b4a9b9da78388c27df461d97f0c5251c130bae04a24,False,False,False,False,attempted,0,0,0,0,0,0,False,syntax failure,"DSLParseError: unexpected character '{' at line 1, column 1",False,,de9dde5047bc260205e352e0e57d5de9ee53d16141b8bee7b2874204604194b3,0c642d40b1213adaa65e785697a9d00fe97ea330af6fd143ac289bcc02ecd459,c8d11801b555bc6dbeb1feb710bbe9f4564bf2eedf4d7e033a73053d6f8db038
audit_01,a2c,design_c,9,llama3.2:3b,a80c4f17acd5,0.7,20261409,1696ff376000525acb11d3b2eb621032dd89e40f2930de2e4121054ccb7891e0,True,True,True,False,attempted,4500,2734,1766,0,0,0,True,none,,False,,de9dde5047bc260205e352e0e57d5de9ee53d16141b8bee7b2874204604194b3,0c642d40b1213adaa65e785697a9d00fe97ea330af6fd143ac289bcc02ecd459,010577de8904d8a47822e312bc978ee0aa1e5bd75ec51563d70b6851cb49f970
audit_01,a3,,0,llama3.2:3b,a80c4f17acd5,0.7,20261500,4935bcf5e5c6459431beadf39051e07ce7226b57b757126602e96d56fd9e353a,True,False,False,False,attempted,0,0,0,0,0,0,False,runtime error,ValueError: Invalid proposition set,False,,de9dde5047bc260205e352e0e57d5de9ee53d16141b8bee7b2874204604194b3,bf2758a35cf4612f47446e7b13f35dc9cb78f386bb13a179d3dc8004724c8e8d,43ac587998ed5cd6d7f15932206537e0669bf9cce3bee059c391874f9d301776
audit_01,a3,,1,llama3.2:3b,a80c4f17acd5,0.7,20261501,827c509d870932973f8b5a18a7b92efd17782aa384a988f92c6757fb29d2bc4e,True,True,True,False,attempted,4500,2734,1766,0,2734,2734,False,other semantic error,,False,,de9dde5047bc260205e352e0e57d5de9ee53d16141b8bee7b2874204604194b3,bf2758a35cf4612f47446e7b13f35dc9cb78f386bb13a179d3dc8004724c8e8d,abb4cd5614f56a15fae296c4f41fb652804d130005345b849dfa7e0159fb1fa9
audit_01,a3,,2,llama3.2:3b,a80c4f17acd5,0.7,20261502,c90794bac12ab0f8d86c520df9c67bbba1cb131ddc1ac8b1056690386e1e1e0e,True,True,True,False,attempted,4500,2734,1766,0,0,0,True,none,,False,,de9dde5047bc260205e352e0e57d5de9ee53d16141b8bee7b2874204604194b3,bf2758a35cf4612f47446e7b13f35dc9cb78f386bb13a179d3dc8004724c8e8d,b4a6dc2ed4ee756e7889ea3a163f33169607b44cb5d57cb5958eeca81fb19d90
audit_01,a3,,3,llama3.2:3b,a80c4f17acd5,0.7,20261503,1cf37c86f955b8f741cf2137b12bbc60ce86b47c8d18c1dfb4c75c688fcf663b,True,True,True,False,attempted,4500,2734,1766,0,0,0,True,none,,False,,de9dde5047bc260205e352e0e57d5de9ee53d16141b8bee7b2874204604194b3,bf2758a35cf4612f47446e7b13f35dc9cb78f386bb13a179d3dc8004724c8e8d,ec06d01ca9ec51178af543c673c6f33ab49b2a6cec4a5b237fdaa65401a44fb4
audit_01,a3,,4,llama3.2:3b,a80c4f17acd5,0.7,20261504,10ee317b4a59ec2f740dabb1a0482b199ede819b993fa71736977166d79a383e,True,True,True,False,attempted,4500,2734,1766,0,2734,2734,False,other semantic error,,False,,de9dde5047bc260205e352e0e57d5de9ee53d16141b8bee7b2874204604194b3,bf2758a35cf4612f47446e7b13f35dc9cb78f386bb13a179d3dc8004724c8e8d,f8ee4f69132225ddbda23639232d7cf90508f4dd0c88d5f36202e3bf4b33792d
audit_01,a3,,5,llama3.2:3b,a80c4f17acd5,0.7,20261505,3ff5d883611b058de3cee72fea12394dea1ff286779ae5731a42e6f8459dea33,True,True,True,False,attempted,4500,2734,1766,0,1234,1234,False,other semantic error,,False,,de9dde5047bc260205e352e0e57d5de9ee53d16141b8bee7b2874204604194b3,bf2758a35cf4612f47446e7b13f35dc9cb78f386bb13a179d3dc8004724c8e8d,758493a6db1f46c3e1bc0e8e557d22d7eb0372aab675c3ec7982823356527b3e
audit_01,a3,,6,llama3.2:3b,a80c4f17acd5,0.7,20261506,bde49a6eca359c021c08bd8e7c98ea9c3d2cbf2c7de25c26406f5a74e7673717,True,True,True,False,attempted,4500,2734,1766,0,2734,2734,False,other semantic error,,False,,de9dde5047bc260205e352e0e57d5de9ee53d16141b8bee7b2874204604194b3,bf2758a35cf4612f47446e7b13f35dc9cb78f386bb13a179d3dc8004724c8e8d,e40a2aeaca683953d6059c69461a084be43a0ba22489db99a1e9c2dc80b1f5a3
audit_01,a3,,7,llama3.2:3b,a80c4f17acd5,0.7,20261507,2a1282d5de578144fdf3ed24baf694267459a10249806ff1bdbf5f6ea42b6369,True,True,True,False,attempted,4500,2734,1766,1766,0,1766,False,other semantic error,,False,,de9dde5047bc260205e352e0e57d5de9ee53d16141b8bee7b2874204604194b3,bf2758a35cf4612f47446e7b13f35dc9cb78f386bb13a179d3dc8004724c8e8d,dd0bffb713b07ccefdf8d4aab6e868786f43ffbeea5ee4dff93fc35dde7a04ff
audit_01,a3,,8,llama3.2:3b,a80c4f17acd5,0.7,20261508,4190c3ae0935adc6c1b42798572dbdb1bf97d13d68b3bd088f524db9dffee208,False,False,False,False,attempted,0,0,0,0,0,0,False,syntax failure,"SyntaxError: invalid syntax (<unknown>, line 4)",False,,de9dde5047bc260205e352e0e57d5de9ee53d16141b8bee7b2874204604194b3,bf2758a35cf4612f47446e7b13f35dc9cb78f386bb13a179d3dc8004724c8e8d,df5636eb443d611c98574bff85d430c87558b203a1e81b7f771eab1de180d327
audit_01,a3,,9,llama3.2:3b,a80c4f17acd5,0.7,20261509,27e5353c419a4609616d9953ac354dfd4775f62bd85a4c6fbbb2234df1a4e049,True,True,True,False,attempted,4500,2734,1766,0,2190,2190,False,other semantic error,,False,,de9dde5047bc260205e352e0e57d5de9ee53d16141b8bee7b2874204604194b3,bf2758a35cf4612f47446e7b13f35dc9cb78f386bb13a179d3dc8004724c8e8d,c8e7b6971b8d2a25cc96ed515ff331f666cde4cfb1f6718f3e6a1b941d1b5a3f
audit_02,a1,,0,llama3.2:3b,a80c4f17acd5,0.7,20262100,8180854fe6b0afcb3a642bacb298f8695a50d95581c64fbd1a88f9add268f580,False,False,False,False,attempted,0,0,0,0,0,0,False,syntax failure,FormulaSyntaxError: unexpected character at offset 4,False,,de9dde5047bc260205e352e0e57d5de9ee53d16141b8bee7b2874204604194b3,f3a5b196c9be48ce6d678e3688b5d0c8571eb00dc596cd931b7bd07399e0d3b0,0f9b04f8bf706fa65d901d9458b6e903534b893ced1038b7013e128c0b4af552
audit_02,a1,,1,llama3.2:3b,a80c4f17acd5,0.7,20262101,c4c118f49fcc972e60d37eb3c2f5e4845d63890dd14cfa3341e012fe22ad7266,False,False,False,False,attempted,0,0,0,0,0,0,False,syntax failure,FormulaSyntaxError: unexpected character at offset 0,False,,de9dde5047bc260205e352e0e57d5de9ee53d16141b8bee7b2874204604194b3,f3a5b196c9be48ce6d678e3688b5d0c8571eb00dc596cd931b7bd07399e0d3b0,93bbfdc2f3f4453aadf1b1cf0579a3db94f2fd2ea8a6e83fda493c63e553c2ec
audit_02,a1,,2,llama3.2:3b,a80c4f17acd5,0.7,20262102,245847afabaeefc26fec431d48bb1563dbfe146c81544c54178b728578167421,True,True,True,False,attempted,4500,1787,2713,2713,0,2713,False,other semantic error,,False,,de9dde5047bc260205e352e0e57d5de9ee53d16141b8bee7b2874204604194b3,f3a5b196c9be48ce6d678e3688b5d0c8571eb00dc596cd931b7bd07399e0d3b0,8931454dab376ab8c7dfba3c10e836a8b9d81b270f7f7d70f218d2f6760aabc6
audit_02,a1,,3,llama3.2:3b,a80c4f17acd5,0.7,20262103,2a2c6be1df3058def260f5b2f5cabc3a8ed3a8c6f030cf35d22463cd2c969f16,True,True,True,False,attempted,4500,1787,2713,1416,889,2305,False,other semantic error,,False,,de9dde5047bc260205e352e0e57d5de9ee53d16141b8bee7b2874204604194b3,f3a5b196c9be48ce6d678e3688b5d0c8571eb00dc596cd931b7bd07399e0d3b0,ace51b4690bcc2e004caa0a41a75e873e2baabd395a5f863841f6363a148f96f
audit_02,a1,,4,llama3.2:3b,a80c4f17acd5,0.7,20262104,25c836396672f896effcffa0133291159ebca324908428fc23068e79bb14c5fd,True,True,True,False,attempted,4500,1787,2713,2623,0,2623,False,other semantic error,,False,,de9dde5047bc260205e352e0e57d5de9ee53d16141b8bee7b2874204604194b3,f3a5b196c9be48ce6d678e3688b5d0c8571eb00dc596cd931b7bd07399e0d3b0,b9f4bccd4e3ca119241a132c90bc252d8365dad4f5cfd7c0f1ec93624ae39f6b
audit_02,a1,,5,llama3.2:3b,a80c4f17acd5,0.7,20262105,d4bb35d8c8d97ca48779f0c3f7b8e1de71af0344d215e7f3a3faa719d09a2723,False,False,False,False,attempted,0,0,0,0,0,0,False,syntax failure,FormulaSyntaxError: unexpected character at offset 4,False,,de9dde5047bc260205e352e0e57d5de9ee53d16141b8bee7b2874204604194b3,f3a5b196c9be48ce6d678e3688b5d0c8571eb00dc596cd931b7bd07399e0d3b0,d6e08d84929217994a7c6e1d6fa2a1cc6c513ffcf411c2c7b5b04be95d076269
audit_02,a1,,6,llama3.2:3b,a80c4f17acd5,0.7,20262106,a299fca18ca862968b20e18e4e28d0fa22885c33e3d62392b462946a1c793f4b,True,True,True,False,attempted,4500,1787,2713,1679,889,2568,False,other semantic error,,False,,de9dde5047bc260205e352e0e57d5de9ee53d16141b8bee7b2874204604194b3,f3a5b196c9be48ce6d678e3688b5d0c8571eb00dc596cd931b7bd07399e0d3b0,10a8886af3faba4ff31db349fd7343c4dad6b9ae441e1b64b8dbe65a3b66b4ac
audit_02,a1,,7,llama3.2:3b,a80c4f17acd5,0.7,20262107,a299fca18ca862968b20e18e4e28d0fa22885c33e3d62392b462946a1c793f4b,True,True,True,False,attempted,4500,1787,2713,1679,889,2568,False,other semantic error,,False,,de9dde5047bc260205e352e0e57d5de9ee53d16141b8bee7b2874204604194b3,f3a5b196c9be48ce6d678e3688b5d0c8571eb00dc596cd931b7bd07399e0d3b0,d770dc98afa2b091debf81ddfce4f0b969503c97938e83b1237c7b8835e55a76
audit_02,a1,,8,llama3.2:3b,a80c4f17acd5,0.7,20262108,37ca97f6d723cb09058699543e532eb7fe82c642771e88b5a9253a1db8500459,True,True,True,False,attempted,4500,1787,2713,2224,0,2224,False,other semantic error,,False,,de9dde5047bc260205e352e0e57d5de9ee53d16141b8bee7b2874204604194b3,f3a5b196c9be48ce6d678e3688b5d0c8571eb00dc596cd931b7bd07399e0d3b0,15b4b957d3f095ff9da0a1b483fb95f6bf4b7f4febdb04204c5a04949f1ccdd8
audit_02,a1,,9,llama3.2:3b,a80c4f17acd5,0.7,20262109,46c81c949324270442f6ab18f33347e75199be726942ec40e2ead01a3fecf48c,True,True,True,False,attempted,4500,1787,2713,2416,445,2861,False,other semantic error,,False,,de9dde5047bc260205e352e0e57d5de9ee53d16141b8bee7b2874204604194b3,f3a5b196c9be48ce6d678e3688b5d0c8571eb00dc596cd931b7bd07399e0d3b0,c63d5e2516a99bfd78a87952661c508e47441510e4dd2996b16e1634685021a4
audit_02,a2a,design_a,0,llama3.2:3b,a80c4f17acd5,0.7,20262200,8b734bdaac55dba3d529e97ce15d2318b2a896060cdb64043cd6e64513c71547,False,False,False,False,attempted,0,0,0,0,0,0,False,syntax failure,"DSLParseError: expected '(' to start a task construct at line 1, column 1",False,,de9dde5047bc260205e352e0e57d5de9ee53d16141b8bee7b2874204604194b3,91b9d05d74564814e36ae762c59cecd111045ae06cb85f196ecf7d13e012dc1e,d55b792ca9be0caa181f146096e9c53b19e2e78dda870f540935a9b239efeb11
audit_02,a2a,design_a,1,llama3.2:3b,a80c4f17acd5,0.7,20262201,4de6053c6fe79149d9f919b957090cd5967f4863766fdaad58573ccabfdc44c0,False,False,False,False,attempted,0,0,0,0,0,0,False,syntax failure,"DSLParseError: expected '(' to start a task construct at line 1, column 1",False,,de9dde5047bc260205e352e0e57d5de9ee53d16141b8bee7b2874204604194b3,91b9d05d74564814e36ae762c59cecd111045ae06cb85f196ecf7d13e012dc1e,1aa926bb5e33cd2b3898c7578bd8359b6101a68932065fd351c681c8348835f6
audit_02,a2a,design_a,2,llama3.2:3b,a80c4f17acd5,0.7,20262202,f153d18c8f67eb154a12fc45def4882ca253a13f0a7fadfebe41cdcb015b7de7,False,False,False,False,attempted,0,0,0,0,0,0,False,syntax failure,"DSLParseError: expected '(' to start a task construct at line 1, column 1",False,,de9dde5047bc260205e352e0e57d5de9ee53d16141b8bee7b2874204604194b3,91b9d05d74564814e36ae762c59cecd111045ae06cb85f196ecf7d13e012dc1e,5906576c1a572263c2d541833586d6d3ace0ce5ad059bd3a939952592e98f765
audit_02,a2a,design_a,3,llama3.2:3b,a80c4f17acd5,0.7,20262203,bc97f239e12d19f32fb1a0ae2100dfd6ae746812528e8b6b0a7999013a80aa1e,False,False,False,False,attempted,0,0,0,0,0,0,False,syntax failure,"DSLParseError: expected '(' to start a task construct at line 1, column 1",False,,de9dde5047bc260205e352e0e57d5de9ee53d16141b8bee7b2874204604194b3,91b9d05d74564814e36ae762c59cecd111045ae06cb85f196ecf7d13e012dc1e,4ece0591064a289c45e5c589a1162397cec16a443bd735aebb987cbc7a61e9f7
audit_02,a2a,design_a,4,llama3.2:3b,a80c4f17acd5,0.7,20262204,c5b9ae328eb483965074d4331d3e68c12839f74fe2ee9e8e3542cbb90fd1fed9,False,False,False,False,attempted,0,0,0,0,0,0,False,syntax failure,"DSLParseError: expected '(' to start a task construct at line 1, column 1",False,,de9dde5047bc260205e352e0e57d5de9ee53d16141b8bee7b2874204604194b3,91b9d05d74564814e36ae762c59cecd111045ae06cb85f196ecf7d13e012dc1e,7b11b93d8242edeb64fac4f2ce00ec44575d13b191d009c41b3b2d01b825a195
audit_02,a2a,design_a,5,llama3.2:3b,a80c4f17acd5,0.7,20262205,e1a4f5a6f9948b3a1fd68aefc9948c5c069b11edf5b52949ea09aefb0f4a676f,False,False,False,False,attempted,0,0,0,0,0,0,False,syntax failure,"DSLParseError: expected '(' to start a task construct at line 1, column 1",False,,de9dde5047bc260205e352e0e57d5de9ee53d16141b8bee7b2874204604194b3,91b9d05d74564814e36ae762c59cecd111045ae06cb85f196ecf7d13e012dc1e,6fd4e8d23ef66e782087da05742baf62112e51164841f77ad5f0341836206154
audit_02,a2a,design_a,6,llama3.2:3b,a80c4f17acd5,0.7,20262206,18edaa39b865ffc4a64b7279eb4062e12100f5c71d41df3f78d3161d709cc857,True,True,True,False,attempted,4500,1787,2713,0,0,0,True,none,,False,,de9dde5047bc260205e352e0e57d5de9ee53d16141b8bee7b2874204604194b3,91b9d05d74564814e36ae762c59cecd111045ae06cb85f196ecf7d13e012dc1e,25b1bf36486a7338a3ad09872f1e561d9d545a6afdc41527d9921b75da0ee8b9
audit_02,a2a,design_a,7,llama3.2:3b,a80c4f17acd5,0.7,20262207,18f8290ea52c84b85118748625ef4f279214588ff0f609f7700f30e8ee6fcabb,False,False,False,False,attempted,0,0,0,0,0,0,False,syntax failure,"DSLParseError: expected '(' to start a task construct at line 1, column 1",False,,de9dde5047bc260205e352e0e57d5de9ee53d16141b8bee7b2874204604194b3,91b9d05d74564814e36ae762c59cecd111045ae06cb85f196ecf7d13e012dc1e,afe815fd404b4b96fceefe47051b31dad45ee00dafa7c98c0483ebc7845dbe6f
audit_02,a2a,design_a,8,llama3.2:3b,a80c4f17acd5,0.7,20262208,4d093e2595bf7ab2d9991ba0f17efa36509ebcb9dc9d5e0e752da96c5401149f,False,False,False,False,attempted,0,0,0,0,0,0,False,syntax failure,"DSLParseError: expected '(' to start a task construct at line 1, column 1",False,,de9dde5047bc260205e352e0e57d5de9ee53d16141b8bee7b2874204604194b3,91b9d05d74564814e36ae762c59cecd111045ae06cb85f196ecf7d13e012dc1e,5eb37424139ff518ec65ce39ec2bc7b7f7e7f69c419633f46abbf898d46fdd45
audit_02,a2a,design_a,9,llama3.2:3b,a80c4f17acd5,0.7,20262209,c8c132e0181f4d2f58cbf5adc0b131720b5b2728b51833a59c0891b622ef3ed1,False,False,False,False,attempted,0,0,0,0,0,0,False,syntax failure,"DSLParseError: expected '(' to start a task construct at line 1, column 1",False,,de9dde5047bc260205e352e0e57d5de9ee53d16141b8bee7b2874204604194b3,91b9d05d74564814e36ae762c59cecd111045ae06cb85f196ecf7d13e012dc1e,a013e4e5a79f284340935f2cc1478ebbb25312aeb6baf99b3496824211c465a7
audit_02,a2b,design_b,0,llama3.2:3b,a80c4f17acd5,0.7,20262300,da5164958e860cc0a1a3ce22eaf56f838492cfc49ca0c24b00a997c68c8d31c6,False,False,False,False,attempted,0,0,0,0,0,0,False,syntax failure,DSLSyntaxError: unexpected text at character 75: '():',False,,de9dde5047bc260205e352e0e57d5de9ee53d16141b8bee7b2874204604194b3,d7793bb6303eebdb2d2f887541d3fcf96273cef206c62e92085f5763d49daf78,29e708d0b9f5f19ef636a0cea5b600a622f5cb90dcb635ae6f25942974481baf
audit_02,a2b,design_b,1,llama3.2:3b,a80c4f17acd5,0.7,20262301,97534b5cca215d399b09a346dea84b382703fe27489a2dd05dfefeaffbed574b,False,False,False,False,attempted,0,0,0,0,0,0,False,syntax failure,"DSLSyntaxError: expected end of source at character 10, got '['",False,,de9dde5047bc260205e352e0e57d5de9ee53d16141b8bee7b2874204604194b3,d7793bb6303eebdb2d2f887541d3fcf96273cef206c62e92085f5763d49daf78,dc3765573da2a79c570be2fac9a6d8ce18c3f28ec35418646526550b08491964
audit_02,a2b,design_b,2,llama3.2:3b,a80c4f17acd5,0.7,20262302,97534b5cca215d399b09a346dea84b382703fe27489a2dd05dfefeaffbed574b,False,False,False,False,attempted,0,0,0,0,0,0,False,syntax failure,"DSLSyntaxError: expected end of source at character 10, got '['",False,,de9dde5047bc260205e352e0e57d5de9ee53d16141b8bee7b2874204604194b3,d7793bb6303eebdb2d2f887541d3fcf96273cef206c62e92085f5763d49daf78,dc3765573da2a79c570be2fac9a6d8ce18c3f28ec35418646526550b08491964
audit_02,a2b,design_b,3,llama3.2:3b,a80c4f17acd5,0.7,20262303,97534b5cca215d399b09a346dea84b382703fe27489a2dd05dfefeaffbed574b,False,False,False,False,attempted,0,0,0,0,0,0,False,syntax failure,"DSLSyntaxError: expected end of source at character 10, got '['",False,,de9dde5047bc260205e352e0e57d5de9ee53d16141b8bee7b2874204604194b3,d7793bb6303eebdb2d2f887541d3fcf96273cef206c62e92085f5763d49daf78,dc3765573da2a79c570be2fac9a6d8ce18c3f28ec35418646526550b08491964
audit_02,a2b,design_b,4,llama3.2:3b,a80c4f17acd5,0.7,20262304,dbabd4371406202f78485dcbb9ee5b943e9169ef597203ee6a0d4aae9d56655d,False,False,False,False,attempted,0,0,0,0,0,0,False,syntax failure,DSLSyntaxError: unexpected text at character 25: '(Exception):',False,,de9dde5047bc260205e352e0e57d5de9ee53d16141b8bee7b2874204604194b3,d7793bb6303eebdb2d2f887541d3fcf96273cef206c62e92085f5763d49daf78,e6a29c0b1e4f4b17216127b9b68f2407962390bc70f950acc8334fbeea8ef363
audit_02,a2b,design_b,5,llama3.2:3b,a80c4f17acd5,0.7,20262305,97534b5cca215d399b09a346dea84b382703fe27489a2dd05dfefeaffbed574b,False,False,False,False,attempted,0,0,0,0,0,0,False,syntax failure,"DSLSyntaxError: expected end of source at character 10, got '['",False,,de9dde5047bc260205e352e0e57d5de9ee53d16141b8bee7b2874204604194b3,d7793bb6303eebdb2d2f887541d3fcf96273cef206c62e92085f5763d49daf78,dc3765573da2a79c570be2fac9a6d8ce18c3f28ec35418646526550b08491964
audit_02,a2b,design_b,6,llama3.2:3b,a80c4f17acd5,0.7,20262306,c1776e1bbdb1ac4c0e543a178db119c80a23c265928fba32ee0f67904548b179,False,False,False,False,attempted,0,0,0,0,0,0,False,syntax failure,DSLSyntaxError: unexpected text at character 84: '():',False,,de9dde5047bc260205e352e0e57d5de9ee53d16141b8bee7b2874204604194b3,d7793bb6303eebdb2d2f887541d3fcf96273cef206c62e92085f5763d49daf78,e3004cf0c03e31da15999c881e8b36e783b55f1edd1648d3ff9751012e60caba
audit_02,a2b,design_b,7,llama3.2:3b,a80c4f17acd5,0.7,20262307,03d493847180dd8fd30f9179de9f5f61c09f1cbb0596e605a2e0b8beaf3bcece,False,False,False,False,attempted,0,0,0,0,0,0,False,syntax failure,DSLSyntaxError: unexpected text at character 84: '(source: str) ->',False,,de9dde5047bc260205e352e0e57d5de9ee53d16141b8bee7b2874204604194b3,d7793bb6303eebdb2d2f887541d3fcf96273cef206c62e92085f5763d49daf78,78f5254e445cddd072254083bdfbc3c60ee5f8f32184ca4b00794d7e626ba40e
audit_02,a2b,design_b,8,llama3.2:3b,a80c4f17acd5,0.7,20262308,b2b74fa92cd5acd8e72c16b09e561645ef2401f20f802d2c04cf64645d994403,True,True,True,False,attempted,4500,1787,2713,0,0,0,True,none,,False,,de9dde5047bc260205e352e0e57d5de9ee53d16141b8bee7b2874204604194b3,d7793bb6303eebdb2d2f887541d3fcf96273cef206c62e92085f5763d49daf78,446381d1a85650fe1a6dabd950739442b3516a9e575747ce951a4f90bfd88bd5
audit_02,a2b,design_b,9,llama3.2:3b,a80c4f17acd5,0.7,20262309,97534b5cca215d399b09a346dea84b382703fe27489a2dd05dfefeaffbed574b,False,False,False,False,attempted,0,0,0,0,0,0,False,syntax failure,"DSLSyntaxError: expected end of source at character 10, got '['",False,,de9dde5047bc260205e352e0e57d5de9ee53d16141b8bee7b2874204604194b3,d7793bb6303eebdb2d2f887541d3fcf96273cef206c62e92085f5763d49daf78,dc3765573da2a79c570be2fac9a6d8ce18c3f28ec35418646526550b08491964
audit_02,a2c,design_c,0,llama3.2:3b,a80c4f17acd5,0.7,20262400,361e55ef9d470f7d34a9a62d66ea053fa3dd5296ef24de33d8e6909f6e081467,False,False,False,False,attempted,0,0,0,0,0,0,False,syntax failure,"DSLParseError: unexpected character ':' at line 1, column 5",False,,de9dde5047bc260205e352e0e57d5de9ee53d16141b8bee7b2874204604194b3,7b4459e550d232067b941b9f85ee7cfb1769414f1f6d7c83c48b7bf9af540ff8,09850dd6e88fa85411ced5952d675619f9934148a7a3b032f8be763a7d6fb4b1
audit_02,a2c,design_c,1,llama3.2:3b,a80c4f17acd5,0.7,20262401,20872d47885e2db035aa132cb7f4c23fbdc44d16674b88e1a4819a3c32a9f508,False,False,False,False,attempted,0,0,0,0,0,0,False,syntax failure,"DSLParseError: unexpected character ':' at line 3, column 22",False,,de9dde5047bc260205e352e0e57d5de9ee53d16141b8bee7b2874204604194b3,7b4459e550d232067b941b9f85ee7cfb1769414f1f6d7c83c48b7bf9af540ff8,2b429ca358cb56d1efc692c6088c63786e740beaada88729d60a9b70104b9855
audit_02,a2c,design_c,2,llama3.2:3b,a80c4f17acd5,0.7,20262402,63d3a6eb6d988c63f5fd306d7bbb0d908dc79f7e7a786ca4b58d2a6b35489cab,False,False,False,False,attempted,0,0,0,0,0,0,False,syntax failure,"DSLParseError: unexpected character '#' at line 1, column 1",False,,de9dde5047bc260205e352e0e57d5de9ee53d16141b8bee7b2874204604194b3,7b4459e550d232067b941b9f85ee7cfb1769414f1f6d7c83c48b7bf9af540ff8,d24d85996b2116e64c47e26bb3a800a07195602190803c3cb60ff2f0716774f0
audit_02,a2c,design_c,3,llama3.2:3b,a80c4f17acd5,0.7,20262403,25ce60d9e60d311467b758db47cb3dad92437e0149cc99a93281db8d2ef195ea,False,False,False,False,attempted,0,0,0,0,0,0,False,syntax failure,"DSLParseError: unexpected character '=' at line 1, column 6",False,,de9dde5047bc260205e352e0e57d5de9ee53d16141b8bee7b2874204604194b3,7b4459e550d232067b941b9f85ee7cfb1769414f1f6d7c83c48b7bf9af540ff8,5bf66ed9bcdc922d260ad82859681b50623b3f23c149852aecb444e35bf48013
audit_02,a2c,design_c,4,llama3.2:3b,a80c4f17acd5,0.7,20262404,8d291ae95bab64e0e84bd2f08b81ea1154dcabed5c2363d9cc2fd41a7560552e,False,False,False,False,attempted,0,0,0,0,0,0,False,syntax failure,"DSLParseError: unexpected character '#' at line 1, column 1",False,,de9dde5047bc260205e352e0e57d5de9ee53d16141b8bee7b2874204604194b3,7b4459e550d232067b941b9f85ee7cfb1769414f1f6d7c83c48b7bf9af540ff8,f899c8ee7d7530d7d6556c420dd4c9a81a4cdb413523872bc338fa34abf26edf
audit_02,a2c,design_c,5,llama3.2:3b,a80c4f17acd5,0.7,20262405,c5193c358bc1f489166cc1444cf1271bdcdb16ca5374e5210492c4ea40eea199,False,False,False,False,attempted,0,0,0,0,0,0,False,syntax failure,"DSLParseError: unexpected character ':' at line 1, column 17",False,,de9dde5047bc260205e352e0e57d5de9ee53d16141b8bee7b2874204604194b3,7b4459e550d232067b941b9f85ee7cfb1769414f1f6d7c83c48b7bf9af540ff8,117e007d067ef33444fb8e5c861768bee66809cdc4f393efe74880f0901aca35
audit_02,a2c,design_c,6,llama3.2:3b,a80c4f17acd5,0.7,20262406,35ef518eda9e41c1bcb93c6864a83e7d35292f961bc2d7dadfff85c0ff198f49,False,False,False,False,attempted,0,0,0,0,0,0,False,syntax failure,"DSLParseError: unexpected character '{' at line 1, column 1",False,,de9dde5047bc260205e352e0e57d5de9ee53d16141b8bee7b2874204604194b3,7b4459e550d232067b941b9f85ee7cfb1769414f1f6d7c83c48b7bf9af540ff8,6acf1c7c86992d5df8946c23fcd8aa13e7f50c9748b4161d1e6f90ca75a77ed0
audit_02,a2c,design_c,7,llama3.2:3b,a80c4f17acd5,0.7,20262407,eeceea92141c05b121b4a4a41971adca44c291dbdfc21d432d44d91b6e19d27b,False,False,False,False,attempted,0,0,0,0,0,0,False,syntax failure,"DSLParseError: unexpected character ':' at line 1, column 33",False,,de9dde5047bc260205e352e0e57d5de9ee53d16141b8bee7b2874204604194b3,7b4459e550d232067b941b9f85ee7cfb1769414f1f6d7c83c48b7bf9af540ff8,29245e04f3c886bfc29b276d3cd2cdcb4c47908b1a101805ad77d28afae2617f
audit_02,a2c,design_c,8,llama3.2:3b,a80c4f17acd5,0.7,20262408,5bab863083f8720163447fbbe43e3dd9916c62f5eeaf7fa7637b1f5aa5805b17,False,False,False,False,attempted,0,0,0,0,0,0,False,syntax failure,"DSLParseError: unexpected character ':' at line 1, column 11",False,,de9dde5047bc260205e352e0e57d5de9ee53d16141b8bee7b2874204604194b3,7b4459e550d232067b941b9f85ee7cfb1769414f1f6d7c83c48b7bf9af540ff8,ebc857dd308c1890ceb70dfa1fddb060dd555a7aff65d4e70922fce93f7b43d4
audit_02,a2c,design_c,9,llama3.2:3b,a80c4f17acd5,0.7,20262409,004c746ee291781185b107c05b71f6fbffca859d595e35d7d3c227dacdde631d,False,False,False,False,attempted,0,0,0,0,0,0,False,syntax failure,"DSLParseError: unexpected character '=' at line 3, column 6",False,,de9dde5047bc260205e352e0e57d5de9ee53d16141b8bee7b2874204604194b3,7b4459e550d232067b941b9f85ee7cfb1769414f1f6d7c83c48b7bf9af540ff8,b02d55c14537426bce1f7813e2fa1e2cae43f663b88e349ab6ff81d29a8ad503
audit_02,a3,,0,llama3.2:3b,a80c4f17acd5,0.7,20262500,af3c5b5fa0004f6e2e70f486c188f676977045b7208c6fcf22726407f9b56363,True,False,False,False,attempted,0,0,0,0,0,0,False,runtime error,NameError: name 'propositions' is not defined,False,,de9dde5047bc260205e352e0e57d5de9ee53d16141b8bee7b2874204604194b3,21aa98e2f92541521bce55f00094e59efed0b8c1cbdb7dd46034b8bd64294d14,7885d995c0e9e5fd04c5ab1beffc00389b56695b74a8941fec81c8de288932dc
audit_02,a3,,1,llama3.2:3b,a80c4f17acd5,0.7,20262501,3150ccd321dc036e665f040acd64266110e472d746f12418eb78181ec91eeb81,False,False,False,False,attempted,0,0,0,0,0,0,False,syntax failure,"SyntaxError: invalid syntax (<unknown>, line 3)",False,,de9dde5047bc260205e352e0e57d5de9ee53d16141b8bee7b2874204604194b3,21aa98e2f92541521bce55f00094e59efed0b8c1cbdb7dd46034b8bd64294d14,156f75ff6fe5807efafedff9c7774fd99429de8e3045c9352d065defdb0872e0
audit_02,a3,,2,llama3.2:3b,a80c4f17acd5,0.7,20262502,d7c95a0746d2d56641db613fe3d3fd01a5e98920eea1b2b10ac64711d6751dba,True,True,True,False,attempted,4500,1787,2713,0,1787,1787,False,other semantic error,,False,,de9dde5047bc260205e352e0e57d5de9ee53d16141b8bee7b2874204604194b3,21aa98e2f92541521bce55f00094e59efed0b8c1cbdb7dd46034b8bd64294d14,9c6abcb3d483fc65b9a4e3e80c88989d165b172a0d4feca12881f0165ca361c9
audit_02,a3,,3,llama3.2:3b,a80c4f17acd5,0.7,20262503,1ecdd0fe4519b3a7c5c61d5ebaf9ccf6b76598d8518dcb61e12f8fdac17822f5,True,True,True,False,attempted,4500,1787,2713,0,0,0,True,none,,False,,de9dde5047bc260205e352e0e57d5de9ee53d16141b8bee7b2874204604194b3,21aa98e2f92541521bce55f00094e59efed0b8c1cbdb7dd46034b8bd64294d14,eac9c51b93ab75dd4db99e74daa9ed9c85e0fef40a353e920419514c7fee1a76
audit_02,a3,,4,llama3.2:3b,a80c4f17acd5,0.7,20262504,53edc8a00b0cc881b3f362cbf481102887fe6b3314539b3c7c94245eefb655e5,False,False,False,False,attempted,0,0,0,0,0,0,False,syntax failure,"SyntaxError: invalid syntax (<unknown>, line 3)",False,,de9dde5047bc260205e352e0e57d5de9ee53d16141b8bee7b2874204604194b3,21aa98e2f92541521bce55f00094e59efed0b8c1cbdb7dd46034b8bd64294d14,81efee22dfe3e5e6e20989d756da1b7ad736b02e4a91f670ca5e383bc80baedf
audit_02,a3,,5,llama3.2:3b,a80c4f17acd5,0.7,20262505,a20ce3caeb293d1519bc4bcd0f156cf62ce939bfe5765df381c806774b590582,True,True,True,False,attempted,4500,1787,2713,2713,0,2713,False,other semantic error,,False,,de9dde5047bc260205e352e0e57d5de9ee53d16141b8bee7b2874204604194b3,21aa98e2f92541521bce55f00094e59efed0b8c1cbdb7dd46034b8bd64294d14,6b4521e441273cc8707b3c4fce53221bcd4627e668d87281107e282dbaf1c2f6
audit_02,a3,,6,llama3.2:3b,a80c4f17acd5,0.7,20262506,2b1b81fa02e18202bd1fae5e7332902ca756d6385e9e5e3f9eece35124ad8e46,True,False,False,False,attempted,0,0,0,0,0,0,False,runtime error,NameError: name 'propositions' is not defined,False,,de9dde5047bc260205e352e0e57d5de9ee53d16141b8bee7b2874204604194b3,21aa98e2f92541521bce55f00094e59efed0b8c1cbdb7dd46034b8bd64294d14,f165e9db6126efe9bf52473cb0bf91cceea10af8de1e0678ca8b952f2beaee38
audit_02,a3,,7,llama3.2:3b,a80c4f17acd5,0.7,20262507,0cadf252cfa5416d0904a9679f943fb5bf61af1f139263080d44196e72ba7888,True,False,False,False,attempted,0,0,0,0,0,0,False,runtime error,ValueError: Cannot enter X,False,,de9dde5047bc260205e352e0e57d5de9ee53d16141b8bee7b2874204604194b3,21aa98e2f92541521bce55f00094e59efed0b8c1cbdb7dd46034b8bd64294d14,072b62ddfd1995cecaf75cc8b2aa5dc4922e904cc3c5e9b8e7bea4471ffe4dc8
audit_02,a3,,8,llama3.2:3b,a80c4f17acd5,0.7,20262508,8b5b7499abbd3bc0c0b22f7565d39a5b8a16c32cca31160ed374a1e58df9523e,True,True,True,False,attempted,4500,1787,2713,0,578,578,False,other semantic error,,False,,de9dde5047bc260205e352e0e57d5de9ee53d16141b8bee7b2874204604194b3,21aa98e2f92541521bce55f00094e59efed0b8c1cbdb7dd46034b8bd64294d14,568a4a616122c2ba2c078c3ac4d77432e564faf39ba62be806cd406066935e95
audit_02,a3,,9,llama3.2:3b,a80c4f17acd5,0.7,20262509,728d377bf0049c286a7a89df0073b8489e42df2e46ee73573fcb88edd69e5fb2,True,False,False,False,attempted,0,0,0,0,0,0,False,runtime error,ValueError: Invalid trace,False,,de9dde5047bc260205e352e0e57d5de9ee53d16141b8bee7b2874204604194b3,21aa98e2f92541521bce55f00094e59efed0b8c1cbdb7dd46034b8bd64294d14,87f0e6c7164b3150162ab1c7a6d73fa7f8f9ef26c00e7ba3354035a035618d34
audit_03,a1,,0,llama3.2:3b,a80c4f17acd5,0.7,20263100,c8b47059905b34b537711c4b6699e2fa28b72c7a46901cba0e8394a04ff57dfe,True,True,True,False,attempted,4500,2145,2355,964,1337,2301,False,other semantic error,,False,,de9dde5047bc260205e352e0e57d5de9ee53d16141b8bee7b2874204604194b3,2433cbbb8d000d01bd910de70045393a3ce27184802b9e57e3864dc15143f5f5,c27f85abae3c16ffa0e9c3f832c78556f17503ea4d242cf9aff000b258504ad3
audit_03,a1,,1,llama3.2:3b,a80c4f17acd5,0.7,20263101,f1cd794d626712244c00b4720847ae9be15564500ea498f12c5468fd81da4526,False,False,False,False,attempted,0,0,0,0,0,0,False,syntax failure,FormulaSyntaxError: missing closing parenthesis,False,,de9dde5047bc260205e352e0e57d5de9ee53d16141b8bee7b2874204604194b3,2433cbbb8d000d01bd910de70045393a3ce27184802b9e57e3864dc15143f5f5,16275d5c7f9ce63b0ef731e4a0c32d94dda07b9ae7b3c82e238b0a500656ad9e
audit_03,a1,,2,llama3.2:3b,a80c4f17acd5,0.7,20263102,0656069b44431ba0d17b4578d4d0f4b3cb59fdcb9a256c69e30fa7eb7a9c4e3d,False,False,False,False,attempted,0,0,0,0,0,0,False,syntax failure,FormulaSyntaxError: unexpected character at offset 0,False,,de9dde5047bc260205e352e0e57d5de9ee53d16141b8bee7b2874204604194b3,2433cbbb8d000d01bd910de70045393a3ce27184802b9e57e3864dc15143f5f5,0162e63ca9ae40070cb872131c46e46b15f5f191abf20d46d285e7236430efc5
audit_03,a1,,3,llama3.2:3b,a80c4f17acd5,0.7,20263103,e0accd153d3d83a4a6ec19c311fddc45e1b7862b244c5c401bcd501054a29bc1,False,False,False,False,attempted,0,0,0,0,0,0,False,syntax failure,FormulaSyntaxError: unexpected character at offset 9,False,,de9dde5047bc260205e352e0e57d5de9ee53d16141b8bee7b2874204604194b3,2433cbbb8d000d01bd910de70045393a3ce27184802b9e57e3864dc15143f5f5,3e1a5f705edc0bb4c15208bcdbcf07ca5b6877e92d7f1b700f622326b896600f
audit_03,a1,,4,llama3.2:3b,a80c4f17acd5,0.7,20263104,f610b5c5ecff55d2595fc1357d2b9aea44674f953485db422e2f8cd56f788e2c,True,True,True,False,attempted,4500,2145,2355,808,0,808,False,other semantic error,,False,,de9dde5047bc260205e352e0e57d5de9ee53d16141b8bee7b2874204604194b3,2433cbbb8d000d01bd910de70045393a3ce27184802b9e57e3864dc15143f5f5,94f2a625ac56b91f056813fdecc3183da17b9ba16d0888e5c6b2fedbc9d3af0b
audit_03,a1,,5,llama3.2:3b,a80c4f17acd5,0.7,20263105,67a1ffbc20098a0a24e8b41e047f3bd5da0c0c9c93e8f34824e14e82b560a90c,True,True,True,False,attempted,4500,2145,2355,1682,0,1682,False,other semantic error,,False,,de9dde5047bc260205e352e0e57d5de9ee53d16141b8bee7b2874204604194b3,2433cbbb8d000d01bd910de70045393a3ce27184802b9e57e3864dc15143f5f5,79e880f56547d30c9840703aa2302492ddb0f2071098e2195c75dd6f937f45ca
audit_03,a1,,6,llama3.2:3b,a80c4f17acd5,0.7,20263106,4f3fe8192779c37beb710845eedf38dc9b9a650946ce15987a84f46e8639ba98,False,False,False,False,attempted,0,0,0,0,0,0,False,syntax failure,"FormulaSyntaxError: expected formula, found ')'",False,,de9dde5047bc260205e352e0e57d5de9ee53d16141b8bee7b2874204604194b3,2433cbbb8d000d01bd910de70045393a3ce27184802b9e57e3864dc15143f5f5,c3d220b45c745ea411bc6c3b0f4cadd19e9bb46b72dff5c453698506ddc60ab0
audit_03,a1,,7,llama3.2:3b,a80c4f17acd5,0.7,20263107,45007371259d2ada13b362fb550f59d49cdea179e32b2142314e57c84dec00bd,False,False,False,False,attempted,0,0,0,0,0,0,False,syntax failure,FormulaSyntaxError: unexpected character at offset 16,False,,de9dde5047bc260205e352e0e57d5de9ee53d16141b8bee7b2874204604194b3,2433cbbb8d000d01bd910de70045393a3ce27184802b9e57e3864dc15143f5f5,f0f85f519c7f231ba3b49dea21a25b32575192c9cf9a30cb8a9a8b59aecab122
audit_03,a1,,8,llama3.2:3b,a80c4f17acd5,0.7,20263108,8c17ec77ddc5cf90d446391fce274a072ed3e42f9692a47403d8bef962d06cf9,False,False,False,False,attempted,0,0,0,0,0,0,False,syntax failure,FormulaSyntaxError: unexpected character at offset 0,False,,de9dde5047bc260205e352e0e57d5de9ee53d16141b8bee7b2874204604194b3,2433cbbb8d000d01bd910de70045393a3ce27184802b9e57e3864dc15143f5f5,c0f667881377d1deaa77ab90b55008fa30dcb843ad9fc8bbc2fa50d563e48597
audit_03,a1,,9,llama3.2:3b,a80c4f17acd5,0.7,20263109,60b1a044ac6ca569d0a376fb0acc5ea9c416e2db94d3a31f094cc94e451177f5,True,True,True,False,attempted,4500,2145,2355,964,1367,2331,False,other semantic error,,False,,de9dde5047bc260205e352e0e57d5de9ee53d16141b8bee7b2874204604194b3,2433cbbb8d000d01bd910de70045393a3ce27184802b9e57e3864dc15143f5f5,2b1d3844f098dc2a86f898a8421c4b3f73468ea97a25f6ced662dc49cd7c7efe
audit_03,a2a,design_a,0,llama3.2:3b,a80c4f17acd5,0.7,20263200,21a8daed4bc799d4a1919fac7f0891a081c3a4950ad8120e7e470a1f46431f03,False,False,False,False,attempted,0,0,0,0,0,0,False,syntax failure,"DSLParseError: expected '(' to start a task construct at line 1, column 1",False,,de9dde5047bc260205e352e0e57d5de9ee53d16141b8bee7b2874204604194b3,ae03b58779506de45be4d63b68d5d61c335a70ca66ea9be32d4fba6a70ca8a47,a84bcff770b272a1d5a4361111fdca4a08fc04414916e69db5f82da470b0ba00
audit_03,a2a,design_a,1,llama3.2:3b,a80c4f17acd5,0.7,20263201,c9e7849fc44f6b6326ee4f6fe6457779d316907f466469956225393ae518fee0,False,False,False,False,attempted,0,0,0,0,0,0,False,syntax failure,"DSLParseError: too many arguments to 'eventually' at line 1, column 15",False,,de9dde5047bc260205e352e0e57d5de9ee53d16141b8bee7b2874204604194b3,ae03b58779506de45be4d63b68d5d61c335a70ca66ea9be32d4fba6a70ca8a47,891718d8bdeae612f42f0bcec2e18ef2e1461546e7e4276f4cc0df3662015545
audit_03,a2a,design_a,2,llama3.2:3b,a80c4f17acd5,0.7,20263202,fe013a844e4aea7804ac51d4249149fb3576c0dfe70bb990ec94da6750eae234,False,False,False,False,attempted,0,0,0,0,0,0,False,syntax failure,"DSLParseError: expected '(' to start a task construct at line 1, column 1",False,,de9dde5047bc260205e352e0e57d5de9ee53d16141b8bee7b2874204604194b3,ae03b58779506de45be4d63b68d5d61c335a70ca66ea9be32d4fba6a70ca8a47,4b99bad71746e434cf857798ddc150208cc4a6c3cabfd809bf952d0b698127d2
audit_03,a2a,design_a,3,llama3.2:3b,a80c4f17acd5,0.7,20263203,1bb68d22b3fcc803d434ae0ef231d4d477103b906016252c014156e3622194d7,False,False,False,False,attempted,0,0,0,0,0,0,False,syntax failure,"DSLParseError: expected '(' to start a task construct at line 1, column 1",False,,de9dde5047bc260205e352e0e57d5de9ee53d16141b8bee7b2874204604194b3,ae03b58779506de45be4d63b68d5d61c335a70ca66ea9be32d4fba6a70ca8a47,44180a7dd70c1c801143eb0a9c7d3fae139d2ce12eaeb8250d741037f162c1c3
audit_03,a2a,design_a,4,llama3.2:3b,a80c4f17acd5,0.7,20263204,ba1268d6bfb7d2e413ad89a5c6c28de0f7d5b20696eb41ee79a9ccc17f931979,False,False,False,False,attempted,0,0,0,0,0,0,False,syntax failure,"DSLParseError: expected '(' to start a task construct at line 1, column 1",False,,de9dde5047bc260205e352e0e57d5de9ee53d16141b8bee7b2874204604194b3,ae03b58779506de45be4d63b68d5d61c335a70ca66ea9be32d4fba6a70ca8a47,9f9a2f313d1ab77038df69420135e3306396f3b6f501748f5a412a67ebe11c03
audit_03,a2a,design_a,5,llama3.2:3b,a80c4f17acd5,0.7,20263205,c1ea319698fe37417a89b0379f42da0e8915dae19f27191b166dac662f3456da,False,False,False,False,attempted,0,0,0,0,0,0,False,syntax failure,"DSLParseError: expected '(' to start a task construct at line 1, column 1",False,,de9dde5047bc260205e352e0e57d5de9ee53d16141b8bee7b2874204604194b3,ae03b58779506de45be4d63b68d5d61c335a70ca66ea9be32d4fba6a70ca8a47,3a79f8055958a4a65cac6bc9703a4bb8aed784ed9fdf8c0abe3fc9d53764e490
audit_03,a2a,design_a,6,llama3.2:3b,a80c4f17acd5,0.7,20263206,2131545d71ef7b7bd805680829eafae37fa30b07d9ae25091ad1020a3292e883,False,False,False,False,attempted,0,0,0,0,0,0,False,syntax failure,"DSLParseError: expected '(' to start a task construct at line 1, column 1",False,,de9dde5047bc260205e352e0e57d5de9ee53d16141b8bee7b2874204604194b3,ae03b58779506de45be4d63b68d5d61c335a70ca66ea9be32d4fba6a70ca8a47,8528fb43f49c15e2e87b1b97323bcaf9036253ec1c477632d7b6f1316a9275e1
audit_03,a2a,design_a,7,llama3.2:3b,a80c4f17acd5,0.7,20263207,260b91780eee9afcc2893d62a0cb4477ef3ee58ebc1534b6b6abdd1fcc1bac0b,False,False,False,False,attempted,0,0,0,0,0,0,False,syntax failure,"DSLParseError: expected '(' to start a task construct at line 1, column 1",False,,de9dde5047bc260205e352e0e57d5de9ee53d16141b8bee7b2874204604194b3,ae03b58779506de45be4d63b68d5d61c335a70ca66ea9be32d4fba6a70ca8a47,3b029f59b44e6bc932fb4f2fdee7779383fd28c42210ac42b8cbe6a2b4edd0ca
audit_03,a2a,design_a,8,llama3.2:3b,a80c4f17acd5,0.7,20263208,49fb926d6577689f3e9c64b829fde85db35e41a97eac09647e7f7b74981c21ae,False,False,False,False,attempted,0,0,0,0,0,0,False,syntax failure,"DSLParseError: expected '(' to start a task construct at line 1, column 1",False,,de9dde5047bc260205e352e0e57d5de9ee53d16141b8bee7b2874204604194b3,ae03b58779506de45be4d63b68d5d61c335a70ca66ea9be32d4fba6a70ca8a47,ad0cd9c8be60ee0080b48649da8c559e1f2121eb42b03763c6ee213a2aa4b492
audit_03,a2a,design_a,9,llama3.2:3b,a80c4f17acd5,0.7,20263209,7088f3f45a39e5cfd8ab35bab7f7f9f2dbfd9609a0dd371dcb72ee5ce2ed8fc8,False,False,False,False,attempted,0,0,0,0,0,0,False,syntax failure,"DSLParseError: expected '(' to start a task construct at line 1, column 1",False,,de9dde5047bc260205e352e0e57d5de9ee53d16141b8bee7b2874204604194b3,ae03b58779506de45be4d63b68d5d61c335a70ca66ea9be32d4fba6a70ca8a47,927f9455e551a49230a0eaaceb9706687b588e9caddd1e0e888b3c44d1c75522
audit_03,a2b,design_b,0,llama3.2:3b,a80c4f17acd5,0.7,20263300,ecbaf723fd1c94468f8f4d797ab374a5c4a13c89a86054f3b14ea06de898e4a7,False,False,False,False,attempted,0,0,0,0,0,0,False,syntax failure,DSLSyntaxError: unknown construct 'from' at character 0,False,,de9dde5047bc260205e352e0e57d5de9ee53d16141b8bee7b2874204604194b3,ddbfd3ebf543bc1a47f451183f6da657d81f8039399929216f90c62cfa6a3ddf,f94adb5d40ef95152a3ccf196e779cf7c653507681b7852102624fdd44e32cce
audit_03,a2b,design_b,1,llama3.2:3b,a80c4f17acd5,0.7,20263301,4616143f6bc0af70ac9d17ef52f87cc8a0c6c6549ffae29a3070f0c4efbc8089,False,False,False,False,attempted,0,0,0,0,0,0,False,syntax failure,"DSLSyntaxError: expected end of source at character 7, got 'any'",False,,de9dde5047bc260205e352e0e57d5de9ee53d16141b8bee7b2874204604194b3,ddbfd3ebf543bc1a47f451183f6da657d81f8039399929216f90c62cfa6a3ddf,3725786fda3b79a2437e9b2ec88a5b5152ec69f105ebbfedc9c87eb026a3d4fb
audit_03,a2b,design_b,2,llama3.2:3b,a80c4f17acd5,0.7,20263302,f8beba5f91fed100a53299dfb89706c9a73cca80b2286ff5fc87a3b66f0d03e1,False,False,False,False,attempted,0,0,0,0,0,0,False,syntax failure,DSLSyntaxError: unexpected text at character 75: '():',False,,de9dde5047bc260205e352e0e57d5de9ee53d16141b8bee7b2874204604194b3,ddbfd3ebf543bc1a47f451183f6da657d81f8039399929216f90c62cfa6a3ddf,eb0a4342a60583108e32d29e7784c617f114906a6cc778398942a3ef26ae66f4
audit_03,a2b,design_b,3,llama3.2:3b,a80c4f17acd5,0.7,20263303,4616143f6bc0af70ac9d17ef52f87cc8a0c6c6549ffae29a3070f0c4efbc8089,False,False,False,False,attempted,0,0,0,0,0,0,False,syntax failure,"DSLSyntaxError: expected end of source at character 7, got 'any'",False,,de9dde5047bc260205e352e0e57d5de9ee53d16141b8bee7b2874204604194b3,ddbfd3ebf543bc1a47f451183f6da657d81f8039399929216f90c62cfa6a3ddf,3725786fda3b79a2437e9b2ec88a5b5152ec69f105ebbfedc9c87eb026a3d4fb
audit_03,a2b,design_b,4,llama3.2:3b,a80c4f17acd5,0.7,20263304,f423255f65bed94e8cee8e882ae27494b321e61f6d43eac45c78466cbd7b6658,False,False,False,False,attempted,0,0,0,0,0,0,False,syntax failure,"DSLSyntaxError: expected end of source at character 7, got 'order'",False,,de9dde5047bc260205e352e0e57d5de9ee53d16141b8bee7b2874204604194b3,ddbfd3ebf543bc1a47f451183f6da657d81f8039399929216f90c62cfa6a3ddf,92f97dea1e92df4ad043fb1818522b46fb397603b82d10da10d60f765c0fc73c
audit_03,a2b,design_b,5,llama3.2:3b,a80c4f17acd5,0.7,20263305,3b33d48c140bc8289a2d518de9a8f7103d8b695d02ffeb4c67cb7d8aa7e84165,False,False,False,False,attempted,0,0,0,0,0,0,False,syntax failure,DSLSyntaxError: unexpected text at character 75: '():',False,,de9dde5047bc260205e352e0e57d5de9ee53d16141b8bee7b2874204604194b3,ddbfd3ebf543bc1a47f451183f6da657d81f8039399929216f90c62cfa6a3ddf,5adc8c9b2e426d5c6deedc055f3a1056d8931854fe87eda051f5ba68c9f619d6
audit_03,a2b,design_b,6,llama3.2:3b,a80c4f17acd5,0.7,20263306,746b355b658504307ef87113d53d5d7a247c5d06fbf21911f59448ba363f913f,False,False,False,False,attempted,0,0,0,0,0,0,False,syntax failure,"DSLSyntaxError: expected end of source at character 7, got '{'",False,,de9dde5047bc260205e352e0e57d5de9ee53d16141b8bee7b2874204604194b3,ddbfd3ebf543bc1a47f451183f6da657d81f8039399929216f90c62cfa6a3ddf,02235023ee2a234e9102f64f223dcc2ecd5f08058d685d1f6ff9684a6af03ffc
audit_03,a2b,design_b,7,llama3.2:3b,a80c4f17acd5,0.7,20263307,7132157b24aea08e9b449d9d3b5baa2abc800dc88c895a698b8bbad5e55e1278,False,False,False,False,attempted,0,0,0,0,0,0,False,syntax failure,DSLSyntaxError: unexpected text at character 78: '():',False,,de9dde5047bc260205e352e0e57d5de9ee53d16141b8bee7b2874204604194b3,ddbfd3ebf543bc1a47f451183f6da657d81f8039399929216f90c62cfa6a3ddf,749b60e1ab118727a02ef9beb1ff5a6d1f13f1dd5dfa7d9ebd3b2652fe930b1c
audit_03,a2b,design_b,8,llama3.2:3b,a80c4f17acd5,0.7,20263308,4daed68cf29784257669342696e35ae8b459403a854c6de3bed2a851ab1f223d,False,False,False,False,attempted,0,0,0,0,0,0,False,syntax failure,"DSLSyntaxError: expected end of source at character 7, got 'after'",False,,de9dde5047bc260205e352e0e57d5de9ee53d16141b8bee7b2874204604194b3,ddbfd3ebf543bc1a47f451183f6da657d81f8039399929216f90c62cfa6a3ddf,0b12dfe48b6b3dac37bbe5bbb2dd18c57575488ba45c69d5731f5eca12c99d93
audit_03,a2b,design_b,9,llama3.2:3b,a80c4f17acd5,0.7,20263309,39c6108a4bf20ca521252efd19eacdd1f3d67b3a7f29308428b5dcbf015577eb,False,False,False,False,attempted,0,0,0,0,0,0,False,syntax failure,DSLSyntaxError: unexpected text at character 75: '():',False,,de9dde5047bc260205e352e0e57d5de9ee53d16141b8bee7b2874204604194b3,ddbfd3ebf543bc1a47f451183f6da657d81f8039399929216f90c62cfa6a3ddf,c821b1100933961b23cd2181c45d5338ee0d4c3ac66274214ffcd50bab53c622
audit_03,a2c,design_c,0,llama3.2:3b,a80c4f17acd5,0.7,20263400,dcec85a6e892e89fff53d8a1d4f0f20d7332d5e64b3558ca33fa16ebeb28e44e,False,False,False,False,attempted,0,0,0,0,0,0,False,syntax failure,"DSLParseError: unexpected character '=' at line 3, column 6",False,,de9dde5047bc260205e352e0e57d5de9ee53d16141b8bee7b2874204604194b3,2d02c9bbd6c5eed6386cab3475887664c6b9e75cf132e801a1c31078f4c447ff,d2d328d8b38af9dad46964b3caf65d77ab15a7ac1191e09dfb5d34b4126362aa
audit_03,a2c,design_c,1,llama3.2:3b,a80c4f17acd5,0.7,20263401,d2609d3636b7ad2897414f43709ab767f45a9b67e73e1ad1bda454458d3b2422,False,False,False,False,attempted,0,0,0,0,0,0,False,syntax failure,"DSLParseError: unexpected character '=' at line 3, column 6",False,,de9dde5047bc260205e352e0e57d5de9ee53d16141b8bee7b2874204604194b3,2d02c9bbd6c5eed6386cab3475887664c6b9e75cf132e801a1c31078f4c447ff,feae468dcfd1753eaa7a0cc75d00ec3a589d0dc44e3fc054a5f67170e9e3629c
audit_03,a2c,design_c,2,llama3.2:3b,a80c4f17acd5,0.7,20263402,e57392e28fd5fde7be935fc3e3b5b8bc60dda1fa37024f6377456d6579bdc903,False,False,False,False,attempted,0,0,0,0,0,0,False,syntax failure,"DSLParseError: unexpected character '{' at line 1, column 1",False,,de9dde5047bc260205e352e0e57d5de9ee53d16141b8bee7b2874204604194b3,2d02c9bbd6c5eed6386cab3475887664c6b9e75cf132e801a1c31078f4c447ff,b02721e6673bf5acde1deb61759c43071addc4079b07b4fce81dace1f6009798
audit_03,a2c,design_c,3,llama3.2:3b,a80c4f17acd5,0.7,20263403,34b8be7272018091e40859b0d311c5812bda501cf2a90e6c25e03b1c6a6f41ba,False,False,False,False,attempted,0,0,0,0,0,0,False,syntax failure,"DSLParseError: unexpected character '=' at line 3, column 6",False,,de9dde5047bc260205e352e0e57d5de9ee53d16141b8bee7b2874204604194b3,2d02c9bbd6c5eed6386cab3475887664c6b9e75cf132e801a1c31078f4c447ff,a781470de2184ec22841ff2b0f36fcdeafc1cdf7b3bef901417925663211b599
audit_03,a2c,design_c,4,llama3.2:3b,a80c4f17acd5,0.7,20263404,06b27b75b5b71b98c5060a339c7746bdad2395902f65dd4f638cadad329cc255,False,False,False,False,attempted,0,0,0,0,0,0,False,syntax failure,"DSLParseError: unexpected trailing token 'sequence' at line 1, column 10",False,,de9dde5047bc260205e352e0e57d5de9ee53d16141b8bee7b2874204604194b3,2d02c9bbd6c5eed6386cab3475887664c6b9e75cf132e801a1c31078f4c447ff,cd94b1c9a9586ab39663fcd33c046d528211b13ebce2c3dfe4e1608d25b7d213
audit_03,a2c,design_c,5,llama3.2:3b,a80c4f17acd5,0.7,20263405,40a0a24e558b2d038f4dc9736e64550bce1457ada9bb8774b1452d4e7e38bd41,False,False,False,False,attempted,0,0,0,0,0,0,False,syntax failure,"DSLParseError: unexpected character '=' at line 3, column 6",False,,de9dde5047bc260205e352e0e57d5de9ee53d16141b8bee7b2874204604194b3,2d02c9bbd6c5eed6386cab3475887664c6b9e75cf132e801a1c31078f4c447ff,546a03d5bda6ac2a881125e6951fd75264430a000207eb5232f7d2b82c64b217
audit_03,a2c,design_c,6,llama3.2:3b,a80c4f17acd5,0.7,20263406,26b148f004f4e99166a9a0688e5e5083c4c2b93d2fff8df0ede877ac658f37f2,False,False,False,False,attempted,0,0,0,0,0,0,False,syntax failure,"DSLParseError: unexpected character '{' at line 1, column 1",False,,de9dde5047bc260205e352e0e57d5de9ee53d16141b8bee7b2874204604194b3,2d02c9bbd6c5eed6386cab3475887664c6b9e75cf132e801a1c31078f4c447ff,618b1307299bc258dace9c4e3e937167931d03cbea654e2b4a7de00e86279542
audit_03,a2c,design_c,7,llama3.2:3b,a80c4f17acd5,0.7,20263407,a563eb5bf65ee22b32ec81cfe85fd3393694391f1337479b2666d9c5e20a3654,False,False,False,False,attempted,0,0,0,0,0,0,False,syntax failure,"DSLParseError: unexpected character ':' at line 3, column 11",False,,de9dde5047bc260205e352e0e57d5de9ee53d16141b8bee7b2874204604194b3,2d02c9bbd6c5eed6386cab3475887664c6b9e75cf132e801a1c31078f4c447ff,62f9881977988a5103acf285428934b8c2cd4f5d2d2afd0f50cca71f10a2cd15
audit_03,a2c,design_c,8,llama3.2:3b,a80c4f17acd5,0.7,20263408,16cab92dbdacf3d26557b1149722aba371bbad97b89321d3550715eaed3b5dc3,False,False,False,False,attempted,0,0,0,0,0,0,False,syntax failure,"DSLParseError: unexpected character '`' at line 1, column 1",False,,de9dde5047bc260205e352e0e57d5de9ee53d16141b8bee7b2874204604194b3,2d02c9bbd6c5eed6386cab3475887664c6b9e75cf132e801a1c31078f4c447ff,040cf5af5d13807ecb0e40b095c6530345988291f67750dbfc836ef78fe12edd
audit_03,a2c,design_c,9,llama3.2:3b,a80c4f17acd5,0.7,20263409,f3324d3a1796a4b4546de50fe3379e41388651853fdac9a56946f9811e0333a7,False,False,False,False,attempted,0,0,0,0,0,0,False,syntax failure,"DSLParseError: unexpected character '{' at line 1, column 1",False,,de9dde5047bc260205e352e0e57d5de9ee53d16141b8bee7b2874204604194b3,2d02c9bbd6c5eed6386cab3475887664c6b9e75cf132e801a1c31078f4c447ff,69f23de8d96ede9bb11dd958c021d988745e75006a243e78314763ccd817826e
audit_03,a3,,0,llama3.2:3b,a80c4f17acd5,0.7,20263500,2f25cc0b4d60df3f4a44b50dbdd708933d3daf2a863786ea3c0c681dedfb9b3e,True,True,True,False,attempted,4500,2145,2355,0,0,0,True,none,,False,,de9dde5047bc260205e352e0e57d5de9ee53d16141b8bee7b2874204604194b3,6234285d3182904b25d0f94422062fd3071a51a501f093172db6ff7680d166c4,7c83d635c422d08e281897bbd684ef7506461fc657d55cc58358472c80a03b24
audit_03,a3,,1,llama3.2:3b,a80c4f17acd5,0.7,20263501,45992d579f8a105f433a617a678aa16d86f097b147e691a53af0d5e421d6088f,True,False,False,False,attempted,0,0,0,0,0,0,False,runtime error,ValueError: Avoid X until B,False,,de9dde5047bc260205e352e0e57d5de9ee53d16141b8bee7b2874204604194b3,6234285d3182904b25d0f94422062fd3071a51a501f093172db6ff7680d166c4,662475b42c71b09fe7930e35599004daa2c9ec806bc2c8c0a1290b599a938397
audit_03,a3,,2,llama3.2:3b,a80c4f17acd5,0.7,20263502,807a6255f7004f38cb8aaa60b54f048e6ebdbe1cf1805fed7deca68ecf537782,True,True,True,False,attempted,4500,2145,2355,1490,0,1490,False,other semantic error,,False,,de9dde5047bc260205e352e0e57d5de9ee53d16141b8bee7b2874204604194b3,6234285d3182904b25d0f94422062fd3071a51a501f093172db6ff7680d166c4,aa3ac271aec051eb0d964be5e99e90ca71d3a3919e245956216f6fd02a466df1
audit_03,a3,,3,llama3.2:3b,a80c4f17acd5,0.7,20263503,38ceca8d35310a0d6f76905ef7b04966319eebc85fdbfe191f607598d2e0ccd6,True,False,False,False,attempted,0,0,0,0,0,0,False,runtime error,ValueError: disallowed Python construct: Import,False,,de9dde5047bc260205e352e0e57d5de9ee53d16141b8bee7b2874204604194b3,6234285d3182904b25d0f94422062fd3071a51a501f093172db6ff7680d166c4,aff8518527a7d7c1e0721cbb86e8c9a7efb0ef1cf156b94eb5e81a6d9035b238
audit_03,a3,,4,llama3.2:3b,a80c4f17acd5,0.7,20263504,b549a15e5ce6d47bce502e3fe03c2c75840969c864ea3d3732408b8c6623e744,True,True,True,False,attempted,4500,2145,2355,1490,0,1490,False,other semantic error,,False,,de9dde5047bc260205e352e0e57d5de9ee53d16141b8bee7b2874204604194b3,6234285d3182904b25d0f94422062fd3071a51a501f093172db6ff7680d166c4,be3655fa467593d1026f0580d266300aad0dbc0734ca247ab798a03ad4982994
audit_03,a3,,5,llama3.2:3b,a80c4f17acd5,0.7,20263505,e640cbea3ac1d3b4639c6b1d68b2656a8c5abc396daab8454c978055dd1a0f1d,True,True,True,False,attempted,4500,2145,2355,1863,363,2226,False,other semantic error,,False,,de9dde5047bc260205e352e0e57d5de9ee53d16141b8bee7b2874204604194b3,6234285d3182904b25d0f94422062fd3071a51a501f093172db6ff7680d166c4,798262d519895373c4b7dc4d523158bdb68cdba31b3bf9c5a7f1679940c01880
audit_03,a3,,6,llama3.2:3b,a80c4f17acd5,0.7,20263506,4e2358a0655fa6cf7cf156b8459f627d1523869486607191df3530033d652195,True,True,True,False,attempted,4500,2145,2355,0,0,0,True,none,,False,,de9dde5047bc260205e352e0e57d5de9ee53d16141b8bee7b2874204604194b3,6234285d3182904b25d0f94422062fd3071a51a501f093172db6ff7680d166c4,221cfe75dac9b1e25478ead606e455421d79a3eccc22563bf4e754f63c3f2352
audit_03,a3,,7,llama3.2:3b,a80c4f17acd5,0.7,20263507,804d1da8f0e208f48a819289cf3c5ff5e8d3e7ecb4ca8b739e4e39a3a68dcb95,True,True,True,False,attempted,4500,2145,2355,558,1502,2060,False,other semantic error,,False,,de9dde5047bc260205e352e0e57d5de9ee53d16141b8bee7b2874204604194b3,6234285d3182904b25d0f94422062fd3071a51a501f093172db6ff7680d166c4,d31ac6934f9b51d0b87198b35a44bb54a1bf3b7724a909ef6c0a4053c195bc57
audit_03,a3,,8,llama3.2:3b,a80c4f17acd5,0.7,20263508,eb23a23ea249a34eb3a8a123a3e30b7c4d37ca3e9cd80c753550ef11e90b6ebd,True,True,True,False,attempted,4500,2145,2355,259,1578,1837,False,other semantic error,,False,,de9dde5047bc260205e352e0e57d5de9ee53d16141b8bee7b2874204604194b3,6234285d3182904b25d0f94422062fd3071a51a501f093172db6ff7680d166c4,dd206677e4fa736cdfc95992a4170f72cbceff9412e2df7a9fba4e82d0bb40d3
audit_03,a3,,9,llama3.2:3b,a80c4f17acd5,0.7,20263509,7285be08cdd4f8a0072b15083cd7c2526b6e8eb7397847f5b4b04cf295bd129c,False,False,False,False,attempted,0,0,0,0,0,0,False,syntax failure,"SyntaxError: invalid syntax (<unknown>, line 18)",False,,de9dde5047bc260205e352e0e57d5de9ee53d16141b8bee7b2874204604194b3,6234285d3182904b25d0f94422062fd3071a51a501f093172db6ff7680d166c4,c50cde4209245ebc3eef49bdbe95d934ad4466941b9e58cfcece241ab401f49f
audit_04,a1,,0,llama3.2:3b,a80c4f17acd5,0.7,20264100,a0cb18bf347045cf3f711a597dd48eefc84a7a168f752de0bb7fe1e4fc0dd818,False,False,False,False,attempted,0,0,0,0,0,0,False,syntax failure,FormulaSyntaxError: unexpected character at offset 10,False,,de9dde5047bc260205e352e0e57d5de9ee53d16141b8bee7b2874204604194b3,af575eb533228ef4071de8968c824966aaa46e015abb82ce882e2ed86fa8f9ca,f5f575a2c9988d846581384b6271c9c24a4310f6874f3f3ddfc5b7726e990899
audit_04,a1,,1,llama3.2:3b,a80c4f17acd5,0.7,20264101,05f8449157781f002b5abc6fb9a20890f9b9402e85306116814c8cdea5c2f15f,False,False,False,False,attempted,0,0,0,0,0,0,False,syntax failure,FormulaSyntaxError: unexpected character at offset 31,False,,de9dde5047bc260205e352e0e57d5de9ee53d16141b8bee7b2874204604194b3,af575eb533228ef4071de8968c824966aaa46e015abb82ce882e2ed86fa8f9ca,7629aa2427b5ba943bfc58991a38ee23a9001ced2c5e320491ad2eef383d3d03
audit_04,a1,,2,llama3.2:3b,a80c4f17acd5,0.7,20264102,6c510dff68692fbfd2a1f485b5f17c5b53c037ebf40b94f769c5a99c01db3866,False,False,False,False,attempted,0,0,0,0,0,0,False,syntax failure,FormulaSyntaxError: unexpected character at offset 35,False,,de9dde5047bc260205e352e0e57d5de9ee53d16141b8bee7b2874204604194b3,af575eb533228ef4071de8968c824966aaa46e015abb82ce882e2ed86fa8f9ca,75c63eb69e98d702551777b698daf5177a302acc308730bc3250cdd2bb6cd689
audit_04,a1,,3,llama3.2:3b,a80c4f17acd5,0.7,20264103,4e71e7b02dc4059f7ba65c9c857ee32591004616b1cbf3fa43276cc3e9344a5e,True,True,True,False,attempted,4500,1100,3400,2219,0,2219,False,other semantic error,,False,,de9dde5047bc260205e352e0e57d5de9ee53d16141b8bee7b2874204604194b3,af575eb533228ef4071de8968c824966aaa46e015abb82ce882e2ed86fa8f9ca,d052e9dc6df8037b8db28818362b463409879908df0ebf6dc004b477f031ad39
audit_04,a1,,4,llama3.2:3b,a80c4f17acd5,0.7,20264104,354cb1ec27c9ba01647db2ec55adf971cfcc1965a44576417e9f7c95762f3801,False,False,False,False,attempted,0,0,0,0,0,0,False,syntax failure,"FormulaSyntaxError: expected formula, found '&'",False,,de9dde5047bc260205e352e0e57d5de9ee53d16141b8bee7b2874204604194b3,af575eb533228ef4071de8968c824966aaa46e015abb82ce882e2ed86fa8f9ca,0e105b2a70aab500e56d1108593449a089704ec542d1a2a3540a4866156d74ba
audit_04,a1,,5,llama3.2:3b,a80c4f17acd5,0.7,20264105,0e4fd24d86837cc1ba8575427244ec92fab3313ffa5d4e613bc62fea9e5d073b,False,False,False,False,attempted,0,0,0,0,0,0,False,syntax failure,"FormulaSyntaxError: expected formula, found ')'",False,,de9dde5047bc260205e352e0e57d5de9ee53d16141b8bee7b2874204604194b3,af575eb533228ef4071de8968c824966aaa46e015abb82ce882e2ed86fa8f9ca,4cd56c57eebbff05b0f5d9225d5e0ad6c10182854171381f16ba9ef6b8773fe6
audit_04,a1,,6,llama3.2:3b,a80c4f17acd5,0.7,20264106,b48122d38ffa1560ce3e146c8a717edb7f8f06e3a2ba98c904ab8d538ae0e1ba,True,True,True,False,attempted,4500,1100,3400,3142,263,3405,False,other semantic error,,False,,de9dde5047bc260205e352e0e57d5de9ee53d16141b8bee7b2874204604194b3,af575eb533228ef4071de8968c824966aaa46e015abb82ce882e2ed86fa8f9ca,e40b69c3af07e97532f2aee0b28a1abb1f854b5081fd091ad18b3cb0292c169c
audit_04,a1,,7,llama3.2:3b,a80c4f17acd5,0.7,20264107,fb0a0f0b25ebd0a9863fe2d51aedc8d5eaae7fee8881740e9824b246062fa89a,False,False,False,False,attempted,0,0,0,0,0,0,False,syntax failure,FormulaSyntaxError: unexpected character at offset 22,False,,de9dde5047bc260205e352e0e57d5de9ee53d16141b8bee7b2874204604194b3,af575eb533228ef4071de8968c824966aaa46e015abb82ce882e2ed86fa8f9ca,93d26f4670c54caa136df5aebb88f502da3d8e7025ad602963823d44b4bb01ee
audit_04,a1,,8,llama3.2:3b,a80c4f17acd5,0.7,20264108,9ed19fef3b0583abdf0c7a18ec7062feafd10e4bed87cb631325894f8bec90f1,True,True,True,False,attempted,4500,1100,3400,2632,15,2647,False,other semantic error,,False,,de9dde5047bc260205e352e0e57d5de9ee53d16141b8bee7b2874204604194b3,af575eb533228ef4071de8968c824966aaa46e015abb82ce882e2ed86fa8f9ca,db54b95292882ceff951962f3ade5872920f045fd24bf0c2f47f446996bf8473
audit_04,a1,,9,llama3.2:3b,a80c4f17acd5,0.7,20264109,ee8de409d9570bfd86ece67f8a82f202b44a4a14142870f5820e34d7adbb5da9,True,True,True,False,attempted,4500,1100,3400,3142,0,3142,False,other semantic error,,False,,de9dde5047bc260205e352e0e57d5de9ee53d16141b8bee7b2874204604194b3,af575eb533228ef4071de8968c824966aaa46e015abb82ce882e2ed86fa8f9ca,608157802e765ef323fe2f315320c225cad0ad2b56ae2efe2faff67ac1179ec6
audit_04,a2a,design_a,0,llama3.2:3b,a80c4f17acd5,0.7,20264200,167b556bf060abde78f18c953f982160eb52c5cefecba6642b5e235f6f9cb594,False,False,False,False,attempted,0,0,0,0,0,0,False,syntax failure,"DSLParseError: expected '(' to start a task construct at line 1, column 1",False,,de9dde5047bc260205e352e0e57d5de9ee53d16141b8bee7b2874204604194b3,b382914d1b83bc1c12aa6b62b5958ccc712759e1f706feac1be3b4372a014ff3,08b24481fb9eb3a07b1adcd79947e3503297f6424395d309e58add5216198640
audit_04,a2a,design_a,1,llama3.2:3b,a80c4f17acd5,0.7,20264201,6ee48759651cfb96a3d008308625afac3e6270286cfa69657654c114cb8f6999,False,False,False,False,attempted,0,0,0,0,0,0,False,syntax failure,"DSLParseError: expected '(' to start a task construct at line 1, column 1",False,,de9dde5047bc260205e352e0e57d5de9ee53d16141b8bee7b2874204604194b3,b382914d1b83bc1c12aa6b62b5958ccc712759e1f706feac1be3b4372a014ff3,5602a4a40a05c871911ea12280950dff8b2cb9f813dbc8e432932cf6eac07c65
audit_04,a2a,design_a,2,llama3.2:3b,a80c4f17acd5,0.7,20264202,8bca57e195e40f10d7d215a77807ea36e4782cafdfb9841a293acf67ee08a5c3,False,False,False,False,attempted,0,0,0,0,0,0,False,syntax failure,"DSLParseError: too many arguments to 'eventually' at line 1, column 15",False,,de9dde5047bc260205e352e0e57d5de9ee53d16141b8bee7b2874204604194b3,b382914d1b83bc1c12aa6b62b5958ccc712759e1f706feac1be3b4372a014ff3,527175d4318214463ed8b2938b2b7278fb34ee789d420fe9ff56e50cb5ca98ec
audit_04,a2a,design_a,3,llama3.2:3b,a80c4f17acd5,0.7,20264203,409544e876c44cf521a4decfb993c7f907619b4d82e86ce31fef0b58a69a553d,False,False,False,False,attempted,0,0,0,0,0,0,False,syntax failure,"DSLParseError: expected '(' to start a task construct at line 1, column 1",False,,de9dde5047bc260205e352e0e57d5de9ee53d16141b8bee7b2874204604194b3,b382914d1b83bc1c12aa6b62b5958ccc712759e1f706feac1be3b4372a014ff3,b30e892b5b2ef9d48f1e9b6ab0868dab7d64d4752cd1baa4eaf54a189cfdff50
audit_04,a2a,design_a,4,llama3.2:3b,a80c4f17acd5,0.7,20264204,c66c0628adf8fb129f7eeccea6ac3ddf3a77bfdf2a181205fc19a3484cd0457b,False,False,False,False,attempted,0,0,0,0,0,0,False,syntax failure,"DSLParseError: expected '(' to start a task construct at line 1, column 1",False,,de9dde5047bc260205e352e0e57d5de9ee53d16141b8bee7b2874204604194b3,b382914d1b83bc1c12aa6b62b5958ccc712759e1f706feac1be3b4372a014ff3,b8fad1826bd795f170ba92bccdf9f3f102c508d14e4aa8173743c1edd397a85e
audit_04,a2a,design_a,5,llama3.2:3b,a80c4f17acd5,0.7,20264205,774f81e14bf7dfc9235e6bb15a91375ba1dae744aca7000fdc2b8feb49de3389,False,False,False,False,attempted,0,0,0,0,0,0,False,syntax failure,"DSLParseError: expected '(' to start a task construct at line 1, column 1",False,,de9dde5047bc260205e352e0e57d5de9ee53d16141b8bee7b2874204604194b3,b382914d1b83bc1c12aa6b62b5958ccc712759e1f706feac1be3b4372a014ff3,da188f9d3721752cd3b416efe09f90d86bc0a44c51b582c82aa35ce16a877088
audit_04,a2a,design_a,6,llama3.2:3b,a80c4f17acd5,0.7,20264206,409036dccbf1b501653350c9e0f8602941eb976012d9fe719cd17e2b576b4e1c,False,False,False,False,attempted,0,0,0,0,0,0,False,syntax failure,"DSLParseError: expected '(' to start a task construct at line 1, column 1",False,,de9dde5047bc260205e352e0e57d5de9ee53d16141b8bee7b2874204604194b3,b382914d1b83bc1c12aa6b62b5958ccc712759e1f706feac1be3b4372a014ff3,d9896badbc7ef687f705d87c84c481ab46079850ee2a1de071971161d93853ce
audit_04,a2a,design_a,7,llama3.2:3b,a80c4f17acd5,0.7,20264207,cf0c62d6d0a44bda7decfc0a08b533c81e22cd563c30a85d01764e2b7304e9b6,False,False,False,False,attempted,0,0,0,0,0,0,False,syntax failure,"DSLParseError: expected '(' to start a task construct at line 1, column 1",False,,de9dde5047bc260205e352e0e57d5de9ee53d16141b8bee7b2874204604194b3,b382914d1b83bc1c12aa6b62b5958ccc712759e1f706feac1be3b4372a014ff3,25b11c90ba82844901ee329cb97a23dba283158965d39592c910c382735adee0
audit_04,a2a,design_a,8,llama3.2:3b,a80c4f17acd5,0.7,20264208,b9a572601e78f83d7a03b226cf26f174daeaf2428a942c6ad8795f2797bd2b37,False,False,False,False,attempted,0,0,0,0,0,0,False,syntax failure,"DSLParseError: too many arguments to 'eventually' at line 1, column 15",False,,de9dde5047bc260205e352e0e57d5de9ee53d16141b8bee7b2874204604194b3,b382914d1b83bc1c12aa6b62b5958ccc712759e1f706feac1be3b4372a014ff3,ce58481148f775a2e8c9649de0079d69b9c5a9b0135dc43b5ee74ad505e879ce
audit_04,a2a,design_a,9,llama3.2:3b,a80c4f17acd5,0.7,20264209,d27598eb22ff536b24242a57eaf60de6150966134277ffad9ab15b7aa426831a,False,False,False,False,attempted,0,0,0,0,0,0,False,syntax failure,"DSLParseError: expected '(' to start a task construct at line 1, column 1",False,,de9dde5047bc260205e352e0e57d5de9ee53d16141b8bee7b2874204604194b3,b382914d1b83bc1c12aa6b62b5958ccc712759e1f706feac1be3b4372a014ff3,83e53a3a739a2e5f3893793a1d01aa0fb886a4811cf9b46b8e5cf1190057ce62
audit_04,a2b,design_b,0,llama3.2:3b,a80c4f17acd5,0.7,20264300,1391f433526d0592c87aaed84f11bb3788f0f9cc40f4b06b5fa3d789ef1af0e2,False,False,False,False,attempted,0,0,0,0,0,0,False,syntax failure,"DSLSyntaxError: expected end of source at character 7, got 'never'",False,,de9dde5047bc260205e352e0e57d5de9ee53d16141b8bee7b2874204604194b3,da5c0cb7c1d70ec30ae6b3fd825647dea7976370dfe49fc3f618abbb0adfe7b4,75d4b30a14ebae0df51c4c1ab90405271106e2f2d02de6f2744cf2dd722b0036
audit_04,a2b,design_b,1,llama3.2:3b,a80c4f17acd5,0.7,20264301,20674dcff17790b078b7de2676beff003b0ec78e43e8092bb9a49ac1ce55e473,False,False,False,False,attempted,0,0,0,0,0,0,False,syntax failure,DSLSyntaxError: unexpected text at character 78: '():',False,,de9dde5047bc260205e352e0e57d5de9ee53d16141b8bee7b2874204604194b3,da5c0cb7c1d70ec30ae6b3fd825647dea7976370dfe49fc3f618abbb0adfe7b4,8fae0ec27eb95b421620482be9b5bbba3f6e6668d787bd4276196d687bbdcc31
audit_04,a2b,design_b,2,llama3.2:3b,a80c4f17acd5,0.7,20264302,39fd18b0cc2ff022ae970754cb08fc2e291ca0bee8e2b8ff72bc2ccc3d46d194,False,False,False,False,attempted,0,0,0,0,0,0,False,syntax failure,"DSLSyntaxError: expected end of source at character 7, got 'any'",False,,de9dde5047bc260205e352e0e57d5de9ee53d16141b8bee7b2874204604194b3,da5c0cb7c1d70ec30ae6b3fd825647dea7976370dfe49fc3f618abbb0adfe7b4,5925a41dacc9c95b40f368fed3ccd309c50972579e570ba6ec4032de93148aeb
audit_04,a2b,design_b,3,llama3.2:3b,a80c4f17acd5,0.7,20264303,89b0dee017ce955bc35904bc5a276d39034c3ad8991cb75c58ccb123cb336a3b,False,False,False,False,attempted,0,0,0,0,0,0,False,syntax failure,"DSLSyntaxError: expected end of source at character 6, got ';'",False,,de9dde5047bc260205e352e0e57d5de9ee53d16141b8bee7b2874204604194b3,da5c0cb7c1d70ec30ae6b3fd825647dea7976370dfe49fc3f618abbb0adfe7b4,2dc682988f907910f28af046437e12b70a502909861583fa67ffd99b010918c8
audit_04,a2b,design_b,4,llama3.2:3b,a80c4f17acd5,0.7,20264304,43991d6d1957a72b67cb73b416c9c3d620b80b764c805dde63ca4b65bad33ca8,False,False,False,False,attempted,0,0,0,0,0,0,False,syntax failure,DSLSyntaxError: unexpected text at character 14: '(source):',False,,de9dde5047bc260205e352e0e57d5de9ee53d16141b8bee7b2874204604194b3,da5c0cb7c1d70ec30ae6b3fd825647dea7976370dfe49fc3f618abbb0adfe7b4,2d179e098e206b4b44b17352ffb68f27368f79d0b0003394d10bd7d1e73ce91e
audit_04,a2b,design_b,5,llama3.2:3b,a80c4f17acd5,0.7,20264305,b500f23db44435286ea615f49e3c6a84621f9bbdbfc1925a210fb92cc08c6498,False,False,False,False,attempted,0,0,0,0,0,0,False,syntax failure,"DSLSyntaxError: expected end of source at character 6, got ';'",False,,de9dde5047bc260205e352e0e57d5de9ee53d16141b8bee7b2874204604194b3,da5c0cb7c1d70ec30ae6b3fd825647dea7976370dfe49fc3f618abbb0adfe7b4,6e0c5716168bd0c8e5b838f222aba5613abfc6a34d209dd0fa68139c2400813b
audit_04,a2b,design_b,6,llama3.2:3b,a80c4f17acd5,0.7,20264306,1fcae564d1e5cc225bbbef0accfbac063bc068bdee83754c2fdbe0c0802e1f1b,False,False,False,False,attempted,0,0,0,0,0,0,False,syntax failure,DSLSyntaxError: unexpected text at character 94: '():',False,,de9dde5047bc260205e352e0e57d5de9ee53d16141b8bee7b2874204604194b3,da5c0cb7c1d70ec30ae6b3fd825647dea7976370dfe49fc3f618abbb0adfe7b4,1693eeb52c0a9c33eb9997aa0b0491088230d026657c869caaf6f2d7a7c45fe2
audit_04,a2b,design_b,7,llama3.2:3b,a80c4f17acd5,0.7,20264307,dc3deca102d06a5da3398c973840e8090eec7b30770f228c9a24e683b657d9e8,False,False,False,False,attempted,0,0,0,0,0,0,False,syntax failure,"DSLSyntaxError: unexpected text at character 71: ' = """"""'",False,,de9dde5047bc260205e352e0e57d5de9ee53d16141b8bee7b2874204604194b3,da5c0cb7c1d70ec30ae6b3fd825647dea7976370dfe49fc3f618abbb0adfe7b4,2fe5558768679a3081bc9d3799cc99911a6e7bd535548c7ef35b2bcbdd1f527d
audit_04,a2b,design_b,8,llama3.2:3b,a80c4f17acd5,0.7,20264308,67865716d6249a75971e048649af07e0b426a81986d1d4c88cc4327d693d57fc,False,False,False,False,attempted,0,0,0,0,0,0,False,syntax failure,DSLSyntaxError: unexpected text at character 14: ' -> D; never [X]',False,,de9dde5047bc260205e352e0e57d5de9ee53d16141b8bee7b2874204604194b3,da5c0cb7c1d70ec30ae6b3fd825647dea7976370dfe49fc3f618abbb0adfe7b4,cbd8d0812c31762f85a01869f0b0defd87c9adbe40556858e551b7c1cc2d4b4c
audit_04,a2b,design_b,9,llama3.2:3b,a80c4f17acd5,0.7,20264309,2526353cfa95a92b3961ea234d05919a637146e04891ca43bd9c62385951e327,False,False,False,False,attempted,0,0,0,0,0,0,False,syntax failure,"DSLSyntaxError: unexpected text at character 71: ' = """"""'",False,,de9dde5047bc260205e352e0e57d5de9ee53d16141b8bee7b2874204604194b3,da5c0cb7c1d70ec30ae6b3fd825647dea7976370dfe49fc3f618abbb0adfe7b4,bbffe0a97c247aec309e7a44b5f01bcc8217ca2daeee54a889bcc909edbf292b
audit_04,a2c,design_c,0,llama3.2:3b,a80c4f17acd5,0.7,20264400,c54313f022fb4a392f68b5ecd15d22222d45bfce3f8987f1576fe83b0e6961a6,False,False,False,False,attempted,0,0,0,0,0,0,False,syntax failure,"DSLParseError: unexpected character '=' at line 1, column 6",False,,de9dde5047bc260205e352e0e57d5de9ee53d16141b8bee7b2874204604194b3,a5f1ece4681e8bc84f4d796b8f694282b4e5a2d5fd00a1c0c17518a3addd69a6,d32135b9e28aee0c91eedf3379de1e91559b559cda2d79171e92d7ec48d90c82
audit_04,a2c,design_c,1,llama3.2:3b,a80c4f17acd5,0.7,20264401,143b55df12bc95fe123032e506c881ffb60773b99bbe70ba4beca4e63ed5842c,False,False,False,False,attempted,0,0,0,0,0,0,False,syntax failure,"DSLParseError: unexpected character '=' at line 3, column 6",False,,de9dde5047bc260205e352e0e57d5de9ee53d16141b8bee7b2874204604194b3,a5f1ece4681e8bc84f4d796b8f694282b4e5a2d5fd00a1c0c17518a3addd69a6,0efaf8479f6d079c3f4b49c837682b920ebe3ea1f1d7b382e527cc5f92148bd4
audit_04,a2c,design_c,2,llama3.2:3b,a80c4f17acd5,0.7,20264402,cce4aea2ecfc3abbd7aea3b619f9b72146d0cc4f53d860a8fd1688360f2de367,False,False,False,False,attempted,0,0,0,0,0,0,False,syntax failure,"DSLParseError: unexpected trailing token 'after_each' at line 1, column 10",False,,de9dde5047bc260205e352e0e57d5de9ee53d16141b8bee7b2874204604194b3,a5f1ece4681e8bc84f4d796b8f694282b4e5a2d5fd00a1c0c17518a3addd69a6,c9f1a1e8a043165fb3021b47d0cc19f29ec56ced4e171121b461cb87a6f2e869
audit_04,a2c,design_c,3,llama3.2:3b,a80c4f17acd5,0.7,20264403,ffb70b41595de74c39c7d2cf6881bff27d59e39de2f55ef633ac472b9671def1,False,False,False,False,attempted,0,0,0,0,0,0,False,syntax failure,"DSLParseError: unexpected character ':' at line 3, column 17",False,,de9dde5047bc260205e352e0e57d5de9ee53d16141b8bee7b2874204604194b3,a5f1ece4681e8bc84f4d796b8f694282b4e5a2d5fd00a1c0c17518a3addd69a6,6bf011ca4d3ea6d513d93e1d823072c970a408a0c129ea6bd4b1e3d535d99837
audit_04,a2c,design_c,4,llama3.2:3b,a80c4f17acd5,0.7,20264404,3afac44fcf55a3fe788261d8c684ad53b6fa1b7af21d037416bd1da6696b256e,False,False,False,False,attempted,0,0,0,0,0,0,False,syntax failure,"DSLParseError: unexpected trailing token ',' at line 1, column 9",False,,de9dde5047bc260205e352e0e57d5de9ee53d16141b8bee7b2874204604194b3,a5f1ece4681e8bc84f4d796b8f694282b4e5a2d5fd00a1c0c17518a3addd69a6,66fb8996656757cd2ad5a4b6037804b3b6e20db3a37c8cf1d6da6c66322f2546
audit_04,a2c,design_c,5,llama3.2:3b,a80c4f17acd5,0.7,20264405,a6a5cda0acff2ccd004609b27e1d8b4552d151a92188c55b861388ee2f7936a6,False,False,False,False,attempted,0,0,0,0,0,0,False,syntax failure,"DSLParseError: unexpected trailing token 'after_each' at line 1, column 10",False,,de9dde5047bc260205e352e0e57d5de9ee53d16141b8bee7b2874204604194b3,a5f1ece4681e8bc84f4d796b8f694282b4e5a2d5fd00a1c0c17518a3addd69a6,1078548ce9b12a5c57ee9736a4ee7ec1a1bf9008df7d15e4f34c42649fcc55bd
audit_04,a2c,design_c,6,llama3.2:3b,a80c4f17acd5,0.7,20264406,a83ae6e591be0f735d857a1093c1c9edfe2d706807575e6f2be50a1d66b2abca,False,False,False,False,attempted,0,0,0,0,0,0,False,syntax failure,"DSLParseError: unexpected character '=' at line 3, column 6",False,,de9dde5047bc260205e352e0e57d5de9ee53d16141b8bee7b2874204604194b3,a5f1ece4681e8bc84f4d796b8f694282b4e5a2d5fd00a1c0c17518a3addd69a6,58f5d54bd87ff7b566ac4bb4ee435a93d88ea3cf4f4fe5f396ed5fd52004f002
audit_04,a2c,design_c,7,llama3.2:3b,a80c4f17acd5,0.7,20264407,cce4aea2ecfc3abbd7aea3b619f9b72146d0cc4f53d860a8fd1688360f2de367,False,False,False,False,attempted,0,0,0,0,0,0,False,syntax failure,"DSLParseError: unexpected trailing token 'after_each' at line 1, column 10",False,,de9dde5047bc260205e352e0e57d5de9ee53d16141b8bee7b2874204604194b3,a5f1ece4681e8bc84f4d796b8f694282b4e5a2d5fd00a1c0c17518a3addd69a6,c9f1a1e8a043165fb3021b47d0cc19f29ec56ced4e171121b461cb87a6f2e869
audit_04,a2c,design_c,8,llama3.2:3b,a80c4f17acd5,0.7,20264408,9f7466bebec9e23efdfd2c29a80f5fb1336ad9687ae2a539a35f6d256b5bdcab,False,False,False,False,attempted,0,0,0,0,0,0,False,syntax failure,"DSLParseError: unexpected character '#' at line 5, column 1",False,,de9dde5047bc260205e352e0e57d5de9ee53d16141b8bee7b2874204604194b3,a5f1ece4681e8bc84f4d796b8f694282b4e5a2d5fd00a1c0c17518a3addd69a6,f9fff94f46e5a2390d5a6798764f2e823f3bbd92307b2f16384228e3c11d1306
audit_04,a2c,design_c,9,llama3.2:3b,a80c4f17acd5,0.7,20264409,729967092e0f12fbb42e24ccd7e99970a43b7481c8f5d24a1fad68ed96b0197e,False,False,False,False,attempted,0,0,0,0,0,0,False,syntax failure,"DSLParseError: unexpected character ':' at line 3, column 13",False,,de9dde5047bc260205e352e0e57d5de9ee53d16141b8bee7b2874204604194b3,a5f1ece4681e8bc84f4d796b8f694282b4e5a2d5fd00a1c0c17518a3addd69a6,8cec0d2dcdf3598d3d61147877ab7ea355bf10f4c0c9c1c324906a34635c9422
audit_04,a3,,0,llama3.2:3b,a80c4f17acd5,0.7,20264500,ca96d23638b33303345d1e96954715b829c6d080d0a813dd2992b2dd0e82fe06,True,True,True,False,attempted,4500,1100,3400,1279,689,1968,False,other semantic error,,False,,de9dde5047bc260205e352e0e57d5de9ee53d16141b8bee7b2874204604194b3,aa48299efc04b5a196a8a86caee5057bb354bd470eb36c0e71779fefe8ed0754,68347d3ef837391ffffccbb6252d129522e5713114e3eaaa62c9256a07ca9889
audit_04,a3,,1,llama3.2:3b,a80c4f17acd5,0.7,20264501,f591e9d36f4e55d78e236362e4871156719a6939fcb3f9e401f430d800572480,True,False,False,False,attempted,0,0,0,0,0,0,False,runtime error,ValueError: disallowed Python construct: Import,False,,de9dde5047bc260205e352e0e57d5de9ee53d16141b8bee7b2874204604194b3,aa48299efc04b5a196a8a86caee5057bb354bd470eb36c0e71779fefe8ed0754,5811d692dcac8e9ead1f0947fd4c28dcfcb1f45f645d712aa9b53c4e43300579
audit_04,a3,,2,llama3.2:3b,a80c4f17acd5,0.7,20264502,5c3dcb5cc509fbd4773c0a63a2dedd884ab115d4f870e19e0c5d51e4ea2855f6,True,True,True,False,attempted,4500,1100,3400,3400,0,3400,False,other semantic error,,False,,de9dde5047bc260205e352e0e57d5de9ee53d16141b8bee7b2874204604194b3,aa48299efc04b5a196a8a86caee5057bb354bd470eb36c0e71779fefe8ed0754,95bec604ebf1da549fa7444bb8f0b2f38bdab77333537b78972eb6ccea079e04
audit_04,a3,,3,llama3.2:3b,a80c4f17acd5,0.7,20264503,052c1a0ff73f71b55782dec21a9c2db010d635246ce95e625636e55c45a340d7,True,False,False,False,attempted,0,0,0,0,0,0,False,runtime error,"SyntaxError: 'continue' not properly in loop (artifact.txt, line 19)",False,,de9dde5047bc260205e352e0e57d5de9ee53d16141b8bee7b2874204604194b3,aa48299efc04b5a196a8a86caee5057bb354bd470eb36c0e71779fefe8ed0754,ee192f6c7d4affe462292b4ae12738ad663f510889a8b16ad869be6f164a9ef0
audit_04,a3,,4,llama3.2:3b,a80c4f17acd5,0.7,20264504,4ccb899a294e05b48d83b8680e45086f64e307bb821055784981320551b6af34,True,False,False,False,attempted,0,0,0,0,0,0,False,runtime error,Exception: X detected,False,,de9dde5047bc260205e352e0e57d5de9ee53d16141b8bee7b2874204604194b3,aa48299efc04b5a196a8a86caee5057bb354bd470eb36c0e71779fefe8ed0754,6caa7dfdd41c254fe545095d24743ca080696f843cc65174c0b92c9914e7d324
audit_04,a3,,5,llama3.2:3b,a80c4f17acd5,0.7,20264505,fac7a1c0c06e929c2476409a4856358297ad16d98dc3284143fdd7933777927e,True,False,False,False,attempted,0,0,0,0,0,0,False,runtime error,TypeError: object of type 'NoneType' has no len(),False,,de9dde5047bc260205e352e0e57d5de9ee53d16141b8bee7b2874204604194b3,aa48299efc04b5a196a8a86caee5057bb354bd470eb36c0e71779fefe8ed0754,cb897cb5d5831412a0771ab1481b0ff3b56ea3edba989a59b3cb600eb3184d69
audit_04,a3,,6,llama3.2:3b,a80c4f17acd5,0.7,20264506,464b8fa25db6e5479183f6f85dcf2d8aea1ae082fb706f46a0a0bfd0be7dd15f,True,True,True,False,attempted,4500,1100,3400,1490,1100,2590,False,other semantic error,,False,,de9dde5047bc260205e352e0e57d5de9ee53d16141b8bee7b2874204604194b3,aa48299efc04b5a196a8a86caee5057bb354bd470eb36c0e71779fefe8ed0754,070998a1c0a0a077bc2014a0abd4f2cf9de8e2febe4daf2dbeaec9258814b037
audit_04,a3,,7,llama3.2:3b,a80c4f17acd5,0.7,20264507,e59497a4a037b3fd282c70e5c09e60fd61b5fe2ec3c6964523bbc1f6492c13fb,True,True,True,False,attempted,4500,1100,3400,0,1100,1100,False,other semantic error,,False,,de9dde5047bc260205e352e0e57d5de9ee53d16141b8bee7b2874204604194b3,aa48299efc04b5a196a8a86caee5057bb354bd470eb36c0e71779fefe8ed0754,920268fbd116933e5285585714a61c2e476e2c1aa95888237334525a13ee4841
audit_04,a3,,8,llama3.2:3b,a80c4f17acd5,0.7,20264508,3406948abf33e1906c1e11de86b35e72d2e90510f5d0ec45ee91bc1a0fe47b94,True,True,True,False,attempted,4500,1100,3400,0,1100,1100,False,other semantic error,,False,,de9dde5047bc260205e352e0e57d5de9ee53d16141b8bee7b2874204604194b3,aa48299efc04b5a196a8a86caee5057bb354bd470eb36c0e71779fefe8ed0754,1945908977289b96377fef4767777ece09b2bdce3d60016b3969f82a6901c89c
audit_04,a3,,9,llama3.2:3b,a80c4f17acd5,0.7,20264509,83b3598a953aae4cb527f62bfe62a1da68e2f53b90ceb337c9c9229c944a1f28,True,True,True,False,attempted,4500,1100,3400,0,1100,1100,False,other semantic error,,False,,de9dde5047bc260205e352e0e57d5de9ee53d16141b8bee7b2874204604194b3,aa48299efc04b5a196a8a86caee5057bb354bd470eb36c0e71779fefe8ed0754,76f77d13f7f42b5e32a95185635bd8865eb50ec26de1ad6972db0a9dc94fb3f5
audit_05,a1,,0,llama3.2:3b,a80c4f17acd5,0.7,20265100,1e358c573d8131cbd104d0981ee138c20386c60540f176f3c4d88d0a5c28bc50,False,False,False,False,attempted,0,0,0,0,0,0,False,syntax failure,FormulaSyntaxError: unexpected character at offset 11,False,,de9dde5047bc260205e352e0e57d5de9ee53d16141b8bee7b2874204604194b3,6c27d59641c3554b75d67f92c117abd18d0533b942c3d14bbbf3945a011008ed,91b563b2b38830a0643561ca82da5a7eedbac0299a15bb612a81465c842c04d9
audit_05,a1,,1,llama3.2:3b,a80c4f17acd5,0.7,20265101,1b72e9a1ced9bec1ed086decc1e9ee987ee61622a69d4a7162aa12068d83a53a,False,False,False,False,attempted,0,0,0,0,0,0,False,syntax failure,FormulaSyntaxError: unexpected character at offset 8,False,,de9dde5047bc260205e352e0e57d5de9ee53d16141b8bee7b2874204604194b3,6c27d59641c3554b75d67f92c117abd18d0533b942c3d14bbbf3945a011008ed,47557bba11b49acbd33c94a35453f0c7fe232b4d9ace8de9e261374b06d49a63
audit_05,a1,,2,llama3.2:3b,a80c4f17acd5,0.7,20265102,fa063af763ddef559835f8c908797cb597a02f6606057729b1c7bf1595ce6b2d,False,False,False,False,attempted,0,0,0,0,0,0,False,syntax failure,FormulaSyntaxError: unexpected character at offset 9,False,,de9dde5047bc260205e352e0e57d5de9ee53d16141b8bee7b2874204604194b3,6c27d59641c3554b75d67f92c117abd18d0533b942c3d14bbbf3945a011008ed,f49651fbac8b9d38fae1bb0158403906bbff590e405363780b2b1cba3cf256d2
audit_05,a1,,3,llama3.2:3b,a80c4f17acd5,0.7,20265103,f47166e9b0a9da79b9070001f89fa9d9498d52cb215c0a6d683852d65d72e1a5,False,False,False,False,attempted,0,0,0,0,0,0,False,syntax failure,FormulaSyntaxError: unexpected character at offset 9,False,,de9dde5047bc260205e352e0e57d5de9ee53d16141b8bee7b2874204604194b3,6c27d59641c3554b75d67f92c117abd18d0533b942c3d14bbbf3945a011008ed,ef5d261a5ae5f663e5c3c9e0944d9295b9e9c3cda11ad4e575ca3d3fc2a4401c
audit_05,a1,,4,llama3.2:3b,a80c4f17acd5,0.7,20265104,a17674f2d1df437802bec2ff1b9c047bc6db2eb4f152054772451294577dd9c7,False,False,False,False,attempted,0,0,0,0,0,0,False,syntax failure,FormulaSyntaxError: unexpected character at offset 21,False,,de9dde5047bc260205e352e0e57d5de9ee53d16141b8bee7b2874204604194b3,6c27d59641c3554b75d67f92c117abd18d0533b942c3d14bbbf3945a011008ed,5beb1ddfcb01b913ba2af3c93709bc31ab960925599cfbf84ac80039414548ef
audit_05,a1,,5,llama3.2:3b,a80c4f17acd5,0.7,20265105,135b41abb7dca947d9f77833ed739c22b0e8ebe6b26c8c4b391261b93eb8ac56,False,False,False,False,attempted,0,0,0,0,0,0,False,syntax failure,FormulaSyntaxError: unexpected character at offset 0,False,,de9dde5047bc260205e352e0e57d5de9ee53d16141b8bee7b2874204604194b3,6c27d59641c3554b75d67f92c117abd18d0533b942c3d14bbbf3945a011008ed,08ed5caa270990517cc2c771591c80deb70de63598201cc2ad070f297da3ad2d
audit_05,a1,,6,llama3.2:3b,a80c4f17acd5,0.7,20265106,8d51d6677e1e4c0882da75ac720ba10cfa4021b57c6d108cb3b921c4487e5b29,False,False,False,False,attempted,0,0,0,0,0,0,False,syntax failure,FormulaSyntaxError: unexpected character at offset 15,False,,de9dde5047bc260205e352e0e57d5de9ee53d16141b8bee7b2874204604194b3,6c27d59641c3554b75d67f92c117abd18d0533b942c3d14bbbf3945a011008ed,83c0d04263fcb05a5ea57a046f39cc1879037e45f8483f1b425c4fc4c82ab065
audit_05,a1,,7,llama3.2:3b,a80c4f17acd5,0.7,20265107,685beaf0e668c8261abdb04c59cd68b9eeef77c54ce4674ca0daec40ffde19cf,False,False,False,False,attempted,0,0,0,0,0,0,False,syntax failure,FormulaSyntaxError: unexpected character at offset 0,False,,de9dde5047bc260205e352e0e57d5de9ee53d16141b8bee7b2874204604194b3,6c27d59641c3554b75d67f92c117abd18d0533b942c3d14bbbf3945a011008ed,49b1c2a4c4333fa5b487bca5d302d0ae38f4183a275e2b64f4b85a1dbaab49ff
audit_05,a1,,8,llama3.2:3b,a80c4f17acd5,0.7,20265108,0e67e344b211b87449783b3131c66f796d0eb2bbd9f9295923da4869fc171d13,False,False,False,False,attempted,0,0,0,0,0,0,False,syntax failure,FormulaSyntaxError: unexpected character at offset 18,False,,de9dde5047bc260205e352e0e57d5de9ee53d16141b8bee7b2874204604194b3,6c27d59641c3554b75d67f92c117abd18d0533b942c3d14bbbf3945a011008ed,4e53d5b3d399558eec3262e4e4af76a96af2bdad755e0f6bdcb285528a553e80
audit_05,a1,,9,llama3.2:3b,a80c4f17acd5,0.7,20265109,1a3faec2cb79b0018f1c9939235ab3ee4c472f42388cba69733bd7cb02d47fdb,False,False,False,False,attempted,0,0,0,0,0,0,False,syntax failure,FormulaSyntaxError: missing closing parenthesis,False,,de9dde5047bc260205e352e0e57d5de9ee53d16141b8bee7b2874204604194b3,6c27d59641c3554b75d67f92c117abd18d0533b942c3d14bbbf3945a011008ed,2fc24520c0e55ded612432eed2d734c09cbaf782fffc250ec1839558fcfd1b55
audit_05,a2a,design_a,0,llama3.2:3b,a80c4f17acd5,0.7,20265200,767cb2b8a0068f12e04a98adee8dcf50818a72211fc45ad2f5320a9b6ead6ae2,False,False,False,False,attempted,0,0,0,0,0,0,False,syntax failure,"DSLParseError: expected '(' to start a task construct at line 1, column 1",False,,de9dde5047bc260205e352e0e57d5de9ee53d16141b8bee7b2874204604194b3,6fd5430cd9976b241f4e6a4e15457d0a0b9ed0ae26098a9358f44db9dcf8700b,4674df6f65f344b8cd3f7eb56233aa09613896b2b9e894cd37934a41b4d90909
audit_05,a2a,design_a,1,llama3.2:3b,a80c4f17acd5,0.7,20265201,f54ec460232983c5932efecbbe3cc1322b68680391a576096f2fbf55d7f7a817,False,False,False,False,attempted,0,0,0,0,0,0,False,syntax failure,"DSLParseError: expected '(' to start a task construct at line 1, column 1",False,,de9dde5047bc260205e352e0e57d5de9ee53d16141b8bee7b2874204604194b3,6fd5430cd9976b241f4e6a4e15457d0a0b9ed0ae26098a9358f44db9dcf8700b,b7040a97a8eb0455236ea044a816dd2f2ec81a7719efcde6360c53979299c5bd
audit_05,a2a,design_a,2,llama3.2:3b,a80c4f17acd5,0.7,20265202,27900d32a369f913fc832f8e3c347d34b5c826b235218e8cbaf9542d70ccbbd7,False,False,False,False,attempted,0,0,0,0,0,0,False,syntax failure,"DSLParseError: expected '(' to start a task construct at line 1, column 1",False,,de9dde5047bc260205e352e0e57d5de9ee53d16141b8bee7b2874204604194b3,6fd5430cd9976b241f4e6a4e15457d0a0b9ed0ae26098a9358f44db9dcf8700b,bbf1fc188b473f808e2cc51a01ad43dd901d585b7893a42996a0503da867f34e
audit_05,a2a,design_a,3,llama3.2:3b,a80c4f17acd5,0.7,20265203,9eb736184abbe878b31bb18145d63b6422e73cdbf57499c578f7b2c09dd6984b,False,False,False,False,attempted,0,0,0,0,0,0,False,syntax failure,"DSLParseError: expected '(' to start a task construct at line 1, column 1",False,,de9dde5047bc260205e352e0e57d5de9ee53d16141b8bee7b2874204604194b3,6fd5430cd9976b241f4e6a4e15457d0a0b9ed0ae26098a9358f44db9dcf8700b,6bcfa790508dc0838df423eb2085a4872966018645b15348e127a414c4efd39a
audit_05,a2a,design_a,4,llama3.2:3b,a80c4f17acd5,0.7,20265204,71f16dfecbab4fe2fc35e53a32ea9bffe67d7179c22f7c1a44ba9b75a1abec97,False,False,False,False,attempted,0,0,0,0,0,0,False,syntax failure,"DSLParseError: expected '(' to start a task construct at line 1, column 1",False,,de9dde5047bc260205e352e0e57d5de9ee53d16141b8bee7b2874204604194b3,6fd5430cd9976b241f4e6a4e15457d0a0b9ed0ae26098a9358f44db9dcf8700b,8b20274a9102d45f44687d89f8bcca00a6606caa81c6692a816c7bc746c037d6
audit_05,a2a,design_a,5,llama3.2:3b,a80c4f17acd5,0.7,20265205,e8af2727e80e519aa3e976883600e7ad57b25724f6821631e6c6765e902f312c,False,False,False,False,attempted,0,0,0,0,0,0,False,syntax failure,"DSLParseError: expected '(' to start a task construct at line 1, column 1",False,,de9dde5047bc260205e352e0e57d5de9ee53d16141b8bee7b2874204604194b3,6fd5430cd9976b241f4e6a4e15457d0a0b9ed0ae26098a9358f44db9dcf8700b,775b37239f9c2563a22e02d7c1ed1176c7f4eadbac52c2d7fe2ba3e08cb9d8f6
audit_05,a2a,design_a,6,llama3.2:3b,a80c4f17acd5,0.7,20265206,f11182fb4e4d2f63a501d82764a208291d21acf0fdceca470ebb785f8387a18a,False,False,False,False,attempted,0,0,0,0,0,0,False,syntax failure,"DSLParseError: expected '(' to start a task construct at line 1, column 1",False,,de9dde5047bc260205e352e0e57d5de9ee53d16141b8bee7b2874204604194b3,6fd5430cd9976b241f4e6a4e15457d0a0b9ed0ae26098a9358f44db9dcf8700b,cc36a8ff80244b95da9e5492c6be0314d218d2ccd00626926ac2ae5a1d1e198a
audit_05,a2a,design_a,7,llama3.2:3b,a80c4f17acd5,0.7,20265207,eb6696baf306ed83f6d6de2b4b26daa3ebff4cfd6a46f4f3edb237bfe5c9dcc0,False,False,False,False,attempted,0,0,0,0,0,0,False,syntax failure,"DSLParseError: too many arguments to 'eventually' at line 1, column 15",False,,de9dde5047bc260205e352e0e57d5de9ee53d16141b8bee7b2874204604194b3,6fd5430cd9976b241f4e6a4e15457d0a0b9ed0ae26098a9358f44db9dcf8700b,1c478b684ecc92d8df784f7179893a414388304afcb7aa6e2abf9da558d21ed4
audit_05,a2a,design_a,8,llama3.2:3b,a80c4f17acd5,0.7,20265208,c58e6f1df4589034c270ece39f3542a2fd2720c6a38381329908601873b6bf60,False,False,False,False,attempted,0,0,0,0,0,0,False,syntax failure,"DSLParseError: expected '(' to start a task construct at line 1, column 1",False,,de9dde5047bc260205e352e0e57d5de9ee53d16141b8bee7b2874204604194b3,6fd5430cd9976b241f4e6a4e15457d0a0b9ed0ae26098a9358f44db9dcf8700b,416acbed6a8cef4721f3bd38f1a572a4085e992b20472b97f962a6f48f33676b
audit_05,a2a,design_a,9,llama3.2:3b,a80c4f17acd5,0.7,20265209,0aff5b5f751bcc4a99dc7be912e82536b8d0939401df92ca58b458aa4ae95f62,False,False,False,False,attempted,0,0,0,0,0,0,False,syntax failure,"DSLParseError: expected '(' to start a task construct at line 1, column 1",False,,de9dde5047bc260205e352e0e57d5de9ee53d16141b8bee7b2874204604194b3,6fd5430cd9976b241f4e6a4e15457d0a0b9ed0ae26098a9358f44db9dcf8700b,d584b7391c54dcaf5bed9f8372fb23aeb8df7f72d8290fd7abb0bb97430dbf3b
audit_05,a2b,design_b,0,llama3.2:3b,a80c4f17acd5,0.7,20265300,63ac8dc3c69e25db81876022b446b9a6ade76e8617ca39e57b0065a1b8d03179,False,False,False,False,attempted,0,0,0,0,0,0,False,syntax failure,"DSLSyntaxError: expected end of source at character 7, got '{'",False,,de9dde5047bc260205e352e0e57d5de9ee53d16141b8bee7b2874204604194b3,142e86f7d8bee415abc0842793d8bb83fd220f4ca9270a55ac61c96b43d2ad17,ce2758cb0b847f2776b0c78007e4ad7ce6e88fde92f7470d86d94c0c7d89ea70
audit_05,a2b,design_b,1,llama3.2:3b,a80c4f17acd5,0.7,20265301,4d61e6842c98cad5c9ada1ac205dc6f198be16595d4f8ce896d590e6b99a3706,False,False,False,False,attempted,0,0,0,0,0,0,False,syntax failure,"DSLSyntaxError: unexpected text at character 71: ' = """"""'",False,,de9dde5047bc260205e352e0e57d5de9ee53d16141b8bee7b2874204604194b3,142e86f7d8bee415abc0842793d8bb83fd220f4ca9270a55ac61c96b43d2ad17,bda99cdadbd1f10d5a17b2dcdb54a9dc38fd552be1c12961cff9c1261387172e
audit_05,a2b,design_b,2,llama3.2:3b,a80c4f17acd5,0.7,20265302,b350ba96f5f3d8fdd77e21d482e77d3dfce3ce109037ac644d829286933bd6db,False,False,False,False,attempted,0,0,0,0,0,0,False,syntax failure,"DSLSyntaxError: expected end of source at character 7, got '{'",False,,de9dde5047bc260205e352e0e57d5de9ee53d16141b8bee7b2874204604194b3,142e86f7d8bee415abc0842793d8bb83fd220f4ca9270a55ac61c96b43d2ad17,faf56241fa2ad29fc9c45f83133ae8d53de1f3f45ccb6a2e86f64254d7f50764
audit_05,a2b,design_b,3,llama3.2:3b,a80c4f17acd5,0.7,20265303,f78daeb98b9d5cf6095369b5104182d5f793322e902495403ce2fd419e2b92c2,False,False,False,False,attempted,0,0,0,0,0,0,False,syntax failure,"DSLSyntaxError: expected end of source at character 7, got 'within'",False,,de9dde5047bc260205e352e0e57d5de9ee53d16141b8bee7b2874204604194b3,142e86f7d8bee415abc0842793d8bb83fd220f4ca9270a55ac61c96b43d2ad17,d8e170d6ee71d26af97edb753a741773980016fb2bef20eb07388fe0fd0c3299
audit_05,a2b,design_b,4,llama3.2:3b,a80c4f17acd5,0.7,20265304,4419dba15bcaab8f744458b019d8bf01c184dcbde0bc8daadbfb04b36747c6d2,False,False,False,False,attempted,0,0,0,0,0,0,False,syntax failure,"DSLSyntaxError: expected end of source at character 7, got 'within'",False,,de9dde5047bc260205e352e0e57d5de9ee53d16141b8bee7b2874204604194b3,142e86f7d8bee415abc0842793d8bb83fd220f4ca9270a55ac61c96b43d2ad17,97fbdc90a46ad114d663541286c9c13714bcf0ca6864ef3e0449dc886b59bd36
audit_05,a2b,design_b,5,llama3.2:3b,a80c4f17acd5,0.7,20265305,20e581797a3cfb2ed1872f818de9b32b3476d984f5a87c57148d560deb47cf2f,False,False,False,False,attempted,0,0,0,0,0,0,False,syntax failure,"DSLSyntaxError: unexpected text at character 78: ' = """"""'",False,,de9dde5047bc260205e352e0e57d5de9ee53d16141b8bee7b2874204604194b3,142e86f7d8bee415abc0842793d8bb83fd220f4ca9270a55ac61c96b43d2ad17,05a08b9cd1985c1045bc18c898d24594977e9958e6886d45654f64fe8b5cb55b
audit_05,a2b,design_b,6,llama3.2:3b,a80c4f17acd5,0.7,20265306,a096407ce48c291470231355180bbea824b09d675a3a0a136795835f9d90217e,False,False,False,False,attempted,0,0,0,0,0,0,False,syntax failure,"DSLSyntaxError: expected end of source at character 11, got 'A'",False,,de9dde5047bc260205e352e0e57d5de9ee53d16141b8bee7b2874204604194b3,142e86f7d8bee415abc0842793d8bb83fd220f4ca9270a55ac61c96b43d2ad17,bacd9a94ca53c41601715acb4c8087f00c1be15ff32bcf535c5e5a8f700ca0f6
audit_05,a2b,design_b,7,llama3.2:3b,a80c4f17acd5,0.7,20265307,63ac8dc3c69e25db81876022b446b9a6ade76e8617ca39e57b0065a1b8d03179,False,False,False,False,attempted,0,0,0,0,0,0,False,syntax failure,"DSLSyntaxError: expected end of source at character 7, got '{'",False,,de9dde5047bc260205e352e0e57d5de9ee53d16141b8bee7b2874204604194b3,142e86f7d8bee415abc0842793d8bb83fd220f4ca9270a55ac61c96b43d2ad17,ce2758cb0b847f2776b0c78007e4ad7ce6e88fde92f7470d86d94c0c7d89ea70
audit_05,a2b,design_b,8,llama3.2:3b,a80c4f17acd5,0.7,20265308,f253ad064cd2ec82c433f7919583f2c1129649aa392c9c4a9737670ad6683f84,False,False,False,False,attempted,0,0,0,0,0,0,False,syntax failure,"DSLSyntaxError: expected end of source at character 7, got '{'",False,,de9dde5047bc260205e352e0e57d5de9ee53d16141b8bee7b2874204604194b3,142e86f7d8bee415abc0842793d8bb83fd220f4ca9270a55ac61c96b43d2ad17,8079ff9c11dbeabfad3e124e324ce5aa763caa81d07bc72fbfc1193be04fdc36
audit_05,a2b,design_b,9,llama3.2:3b,a80c4f17acd5,0.7,20265309,9d7acfcee452c12aee432d50a0da75b1314d3f669012d412a00f4d2d89b129a8,False,False,False,False,attempted,0,0,0,0,0,0,False,syntax failure,"DSLSyntaxError: expected end of source at character 7, got 'within'",False,,de9dde5047bc260205e352e0e57d5de9ee53d16141b8bee7b2874204604194b3,142e86f7d8bee415abc0842793d8bb83fd220f4ca9270a55ac61c96b43d2ad17,a381834021fd5ad3a6bac47d3e53ee9869c6fdab58228e4e81fb6a0a353b4763
audit_05,a2c,design_c,0,llama3.2:3b,a80c4f17acd5,0.7,20265400,728bb5424530d47f33829f8a49ff107c2157866ec02a90cfee1de79a728e4900,False,False,False,False,attempted,0,0,0,0,0,0,False,syntax failure,"DSLParseError: unexpected character '{' at line 1, column 1",False,,de9dde5047bc260205e352e0e57d5de9ee53d16141b8bee7b2874204604194b3,17087d143633fd35ac5600a22aac583075c0dfd4965e08a8c29fbf1105750cee,17d30b9891548ed98281126343c7f260f8304ff76fb35bc9e27a7aff22796e90
audit_05,a2c,design_c,1,llama3.2:3b,a80c4f17acd5,0.7,20265401,b14759e5086a1077e954fe4dcc8f332bb6b6877e8f7fe480df5eb14dc7add8e6,False,False,False,False,attempted,0,0,0,0,0,0,False,syntax failure,"DSLParseError: unexpected character '=' at line 3, column 6",False,,de9dde5047bc260205e352e0e57d5de9ee53d16141b8bee7b2874204604194b3,17087d143633fd35ac5600a22aac583075c0dfd4965e08a8c29fbf1105750cee,be28f89e5d1def3ce465b412e81a2a667c3b87c9310403ed92d5ac40cfd4e41c
audit_05,a2c,design_c,2,llama3.2:3b,a80c4f17acd5,0.7,20265402,ca1f520ab4d68cb81a2767f480a774f2e780d7fae42f66f6053b5400108fd349,False,False,False,False,attempted,0,0,0,0,0,0,False,syntax failure,"DSLParseError: unexpected trailing token 'after_each' at line 2, column 1",False,,de9dde5047bc260205e352e0e57d5de9ee53d16141b8bee7b2874204604194b3,17087d143633fd35ac5600a22aac583075c0dfd4965e08a8c29fbf1105750cee,26158491d868173ad441e1a5c67f815a9543622b304cc114bd89f7d837ab935a
audit_05,a2c,design_c,3,llama3.2:3b,a80c4f17acd5,0.7,20265403,29a9a2efcffe142882e392eca606667c03ae9c5f91438e3ff50c931a281932f6,False,False,False,False,attempted,0,0,0,0,0,0,False,syntax failure,"DSLParseError: unexpected character ':' at line 1, column 33",False,,de9dde5047bc260205e352e0e57d5de9ee53d16141b8bee7b2874204604194b3,17087d143633fd35ac5600a22aac583075c0dfd4965e08a8c29fbf1105750cee,38d8ec4aad111e749e7d4925a833edb0afaa73719f5c62620a49f5e039beba0b
audit_05,a2c,design_c,4,llama3.2:3b,a80c4f17acd5,0.7,20265404,23b380b44b86abdec379b2844b81978df79ad900e537b8c49400108ff2ace5f2,False,False,False,False,attempted,0,0,0,0,0,0,False,syntax failure,"DSLParseError: unexpected character '{' at line 1, column 1",False,,de9dde5047bc260205e352e0e57d5de9ee53d16141b8bee7b2874204604194b3,17087d143633fd35ac5600a22aac583075c0dfd4965e08a8c29fbf1105750cee,eeb872f4ac8a04e75fa82d086a964ccda3cef79a25e78d137162d3288cad2180
audit_05,a2c,design_c,5,llama3.2:3b,a80c4f17acd5,0.7,20265405,04b898ff0274cdb7b9af5cd3b5dafea4d8235cca26d4ab68c4e7de1b0c41aa4f,False,False,False,False,attempted,0,0,0,0,0,0,False,syntax failure,"DSLParseError: unexpected character '@' at line 5, column 1",False,,de9dde5047bc260205e352e0e57d5de9ee53d16141b8bee7b2874204604194b3,17087d143633fd35ac5600a22aac583075c0dfd4965e08a8c29fbf1105750cee,96b9e830782be6255d09bf4496bbdbdc3cc033fb4df2abca9189500314bcda26
audit_05,a2c,design_c,6,llama3.2:3b,a80c4f17acd5,0.7,20265406,ef7aeb913b22604523545650c77b27b0a3ff384952c42fcc30c920743c1451cb,False,False,False,False,attempted,0,0,0,0,0,0,False,syntax failure,"DSLParseError: unexpected character '{' at line 1, column 1",False,,de9dde5047bc260205e352e0e57d5de9ee53d16141b8bee7b2874204604194b3,17087d143633fd35ac5600a22aac583075c0dfd4965e08a8c29fbf1105750cee,aa77777879e4f3b7001a91d7a2cf5f6b734849dc5f4a4b76e0ddbedd33e15e1b
audit_05,a2c,design_c,7,llama3.2:3b,a80c4f17acd5,0.7,20265407,1acb19b30afe67852b8be35a9a2c9e36b7a2620385b0835f129aab47aacaa153,False,False,False,False,attempted,0,0,0,0,0,0,False,syntax failure,"DSLParseError: unexpected character ':' at line 4, column 22",False,,de9dde5047bc260205e352e0e57d5de9ee53d16141b8bee7b2874204604194b3,17087d143633fd35ac5600a22aac583075c0dfd4965e08a8c29fbf1105750cee,2d4f4da950456a2fcebfd695e1de4c16631681a40f9ac52cc4239b6d1568d5e6
audit_05,a2c,design_c,8,llama3.2:3b,a80c4f17acd5,0.7,20265408,21458fa6fe7d21dbecc650b91dcff4b51c35109e04599fb0aff1e42f92155237,False,False,False,False,attempted,0,0,0,0,0,0,False,syntax failure,"DSLParseError: unexpected character '#' at line 1, column 1",False,,de9dde5047bc260205e352e0e57d5de9ee53d16141b8bee7b2874204604194b3,17087d143633fd35ac5600a22aac583075c0dfd4965e08a8c29fbf1105750cee,b171653aeee310cf8ff50bf735ad330fb20d3be846854e5366bd05803c04d679
audit_05,a2c,design_c,9,llama3.2:3b,a80c4f17acd5,0.7,20265409,b774bc5c280674e25e0587c205edcbacbbdd532df216a4a1fd8e57fb150ba5a8,False,False,False,False,attempted,0,0,0,0,0,0,False,syntax failure,"DSLParseError: unexpected character ':' at line 4, column 27",False,,de9dde5047bc260205e352e0e57d5de9ee53d16141b8bee7b2874204604194b3,17087d143633fd35ac5600a22aac583075c0dfd4965e08a8c29fbf1105750cee,d283db167847ffed5e7327d5bea9fc9879e8740f8519f1a1e2e4807751d153af
audit_05,a3,,0,llama3.2:3b,a80c4f17acd5,0.7,20265500,5e8badcc247ea097cc90bef48731f5b54d1acf3baa31bca6fec7bacdd1f0eb16,True,False,False,False,attempted,0,0,0,0,0,0,False,runtime error,ValueError: A must be visited before B,False,,de9dde5047bc260205e352e0e57d5de9ee53d16141b8bee7b2874204604194b3,797b0966007306a6f4775fb678e4376b8059a957a4196e0f4bd247c31cdf9d7c,9393510f4916abe69c9381c61eeed109f94569804297a86a65d021cccbb07e9b
audit_05,a3,,1,llama3.2:3b,a80c4f17acd5,0.7,20265501,58cf0401a8c5940cf47daaa2d95f8a65b183a66af541aeae452c08cdd7bfbf63,True,True,True,False,attempted,4500,1699,2801,1989,0,1989,False,other semantic error,,False,,de9dde5047bc260205e352e0e57d5de9ee53d16141b8bee7b2874204604194b3,797b0966007306a6f4775fb678e4376b8059a957a4196e0f4bd247c31cdf9d7c,340d1a60b0c9c0880a7f6f8a49da37dfabd76d39c26e005ee2e905ec2c97009c
audit_05,a3,,2,llama3.2:3b,a80c4f17acd5,0.7,20265502,167712650cb4b69c6b1d6de97e3c144daef1358b658143e65e0616e00a755c25,True,False,False,False,attempted,0,0,0,0,0,0,False,runtime error,NameError: name 'AssertionError' is not defined,False,,de9dde5047bc260205e352e0e57d5de9ee53d16141b8bee7b2874204604194b3,797b0966007306a6f4775fb678e4376b8059a957a4196e0f4bd247c31cdf9d7c,6f4ebfb0c18dd841da5d1b8da28706d8f2e04dc5aef51e1272c6dd9002a03e70
audit_05,a3,,3,llama3.2:3b,a80c4f17acd5,0.7,20265503,3c1267c2a7aad282b5e71c26b2c2e22619478fa7f49c0446a0c1d6a090a116ab,True,False,False,False,attempted,0,0,0,0,0,0,False,runtime error,ValueError: disallowed Python construct: Import,False,,de9dde5047bc260205e352e0e57d5de9ee53d16141b8bee7b2874204604194b3,797b0966007306a6f4775fb678e4376b8059a957a4196e0f4bd247c31cdf9d7c,0b35f06e01e44a56782d453064d33ab6ae8895374987097574b8cad30428f073
audit_05,a3,,4,llama3.2:3b,a80c4f17acd5,0.7,20265504,0cb02951e11faf2757dd6929f06cbc59040cdf88af4822133e2974b7c012dcf0,True,True,True,False,attempted,4500,1699,2801,359,1699,2058,False,other semantic error,,False,,de9dde5047bc260205e352e0e57d5de9ee53d16141b8bee7b2874204604194b3,797b0966007306a6f4775fb678e4376b8059a957a4196e0f4bd247c31cdf9d7c,443b9a84f44b4363005871bd3914ec04c7e064927a183c8b9cc574359fe3ad0d
audit_05,a3,,5,llama3.2:3b,a80c4f17acd5,0.7,20265505,425acb7ec515e1ec655eab70d589f2386b1eec020ade5e04f9d4fc1e9b0a89b6,True,True,True,False,attempted,4500,1699,2801,0,1699,1699,False,other semantic error,,False,,de9dde5047bc260205e352e0e57d5de9ee53d16141b8bee7b2874204604194b3,797b0966007306a6f4775fb678e4376b8059a957a4196e0f4bd247c31cdf9d7c,6e39a497a51cc5727a3ef2d82da6b459947910742a2dfa90b25d62a51f72fffe
audit_05,a3,,6,llama3.2:3b,a80c4f17acd5,0.7,20265506,fa0502d9a3cc2943bf22d0d6d34e7c70227e3d29583e5330922ffc9524e21663,True,True,True,False,attempted,4500,1699,2801,1292,47,1339,False,other semantic error,,False,,de9dde5047bc260205e352e0e57d5de9ee53d16141b8bee7b2874204604194b3,797b0966007306a6f4775fb678e4376b8059a957a4196e0f4bd247c31cdf9d7c,a97b2167f1f7808b1d421eebb43e206a6818bd1680a97c4c788fb0d3f1ffbeb5
audit_05,a3,,7,llama3.2:3b,a80c4f17acd5,0.7,20265507,2215c9a25b883ef9c7bb231881e7f4e32ecee4502bfffb18966b0028eebd9603,True,True,True,False,attempted,4500,1699,2801,1989,0,1989,False,other semantic error,,False,,de9dde5047bc260205e352e0e57d5de9ee53d16141b8bee7b2874204604194b3,797b0966007306a6f4775fb678e4376b8059a957a4196e0f4bd247c31cdf9d7c,ae3181ffc2ad0f26c5171a28b94ba2ae9976da9a0c794f90e42cb56771bf9548
audit_05,a3,,8,llama3.2:3b,a80c4f17acd5,0.7,20265508,9e61b8a90090f44001540671aa729096ae41d9f367eff48e86fb79fb68378e69,True,False,False,False,attempted,0,0,0,0,0,0,False,runtime error,ValueError: disallowed Python construct: Import,False,,de9dde5047bc260205e352e0e57d5de9ee53d16141b8bee7b2874204604194b3,797b0966007306a6f4775fb678e4376b8059a957a4196e0f4bd247c31cdf9d7c,8a2be7caace5d05b9551ad6c31b719b147661df6a49db330e7a9d70ba7323023
audit_05,a3,,9,llama3.2:3b,a80c4f17acd5,0.7,20265509,a96e926e08d4832754be3564431c802a54fa9ed6e9dbfe32e31ff8926d7c67b5,True,False,False,False,attempted,0,0,0,0,0,0,False,runtime error,ValueError: disallowed Python construct: Import,False,,de9dde5047bc260205e352e0e57d5de9ee53d16141b8bee7b2874204604194b3,797b0966007306a6f4775fb678e4376b8059a957a4196e0f4bd247c31cdf9d7c,7f71087275fe6c4f47ae00b6554b04ab2122d5e0d18d073ec678e6f9a07f5c42
audit_06,a1,,0,llama3.2:3b,a80c4f17acd5,0.7,20266100,44d378e1091e379e660870b7a3c87c915dd43e2cfcbf3d1f6d6d5013005ef4e0,False,False,False,False,attempted,0,0,0,0,0,0,False,syntax failure,FormulaSyntaxError: unexpected character at offset 11,False,,de9dde5047bc260205e352e0e57d5de9ee53d16141b8bee7b2874204604194b3,ca21faeeb0b7558d287da86c9f148289368b7b2d654cacbfcf99ad9af17a1a7d,926e49b4c7a254b5802004c9d0329da4f512d5ea5c8c6f74eb3dce0d2cf232d9
audit_06,a1,,1,llama3.2:3b,a80c4f17acd5,0.7,20266101,27e002c26d97c7e3ae3e8b6b94d749183b55bbdf5d12e28abff584eb2a0c6ec0,False,False,False,False,attempted,0,0,0,0,0,0,False,syntax failure,FormulaSyntaxError: unexpected character at offset 12,False,,de9dde5047bc260205e352e0e57d5de9ee53d16141b8bee7b2874204604194b3,ca21faeeb0b7558d287da86c9f148289368b7b2d654cacbfcf99ad9af17a1a7d,e187a2cd2e64a4b92db3612bc2799f2ca33f688a7f21cbbb0cafbc7d712356b6
audit_06,a1,,2,llama3.2:3b,a80c4f17acd5,0.7,20266102,c046129581cb0b7cd9ad30b0593e2f56b45ac81e3ce8b438f03398c8054e1006,True,True,True,False,attempted,4500,2343,2157,1698,356,2054,False,other semantic error,,False,,de9dde5047bc260205e352e0e57d5de9ee53d16141b8bee7b2874204604194b3,ca21faeeb0b7558d287da86c9f148289368b7b2d654cacbfcf99ad9af17a1a7d,b39b7e8767f58aaa41031c76852d2f4f6c03beae1b785069492bc39bdbaf1318
audit_06,a1,,3,llama3.2:3b,a80c4f17acd5,0.7,20266103,199107b3914a2157a183174e60a7a5c5bc82cd87b2a1054c7167db5819b596ae,False,False,False,False,attempted,0,0,0,0,0,0,False,syntax failure,FormulaSyntaxError: unexpected character at offset 19,False,,de9dde5047bc260205e352e0e57d5de9ee53d16141b8bee7b2874204604194b3,ca21faeeb0b7558d287da86c9f148289368b7b2d654cacbfcf99ad9af17a1a7d,94fa880599b7235f8b7822d14341b63602bc9e7e6e5f8dd9efff221232dfccfa
audit_06,a1,,4,llama3.2:3b,a80c4f17acd5,0.7,20266104,a426e5e201f9e03a048c77077695a60deffa2c7b2186843aa74d8e8045df5365,False,False,False,False,attempted,0,0,0,0,0,0,False,syntax failure,FormulaSyntaxError: unexpected token '(',False,,de9dde5047bc260205e352e0e57d5de9ee53d16141b8bee7b2874204604194b3,ca21faeeb0b7558d287da86c9f148289368b7b2d654cacbfcf99ad9af17a1a7d,803f981446a1a7d058c268a6857e3219218cc44143dec73004e617bfb0a92783
audit_06,a1,,5,llama3.2:3b,a80c4f17acd5,0.7,20266105,afd7de4cb99bc8e2490fd535acaf98b414062e44120ff6bea7b754cb593d220e,False,False,False,False,attempted,0,0,0,0,0,0,False,syntax failure,FormulaSyntaxError: unexpected character at offset 31,False,,de9dde5047bc260205e352e0e57d5de9ee53d16141b8bee7b2874204604194b3,ca21faeeb0b7558d287da86c9f148289368b7b2d654cacbfcf99ad9af17a1a7d,775b05458674b78ff19842d02c0c50a0d943ac0404490233d41a0e102e1b4663
audit_06,a1,,6,llama3.2:3b,a80c4f17acd5,0.7,20266106,771b29e702c13e6c59f3d08ea0c4be7d283747b5e1c6a02e9bfba42073d2de23,False,False,False,False,attempted,0,0,0,0,0,0,False,syntax failure,FormulaSyntaxError: unexpected token '!',False,,de9dde5047bc260205e352e0e57d5de9ee53d16141b8bee7b2874204604194b3,ca21faeeb0b7558d287da86c9f148289368b7b2d654cacbfcf99ad9af17a1a7d,0a8ac42b8dc8f412b8ec98540497cb4cf6391778d3d360913f3fa254cd8b330b
audit_06,a1,,7,llama3.2:3b,a80c4f17acd5,0.7,20266107,a1282f9ad8926eb9e8742a3260dbf7f1eb6129f48d1efa161ddfcbd8ebb404fb,False,False,False,False,attempted,0,0,0,0,0,0,False,syntax failure,FormulaSyntaxError: unexpected character at offset 0,False,,de9dde5047bc260205e352e0e57d5de9ee53d16141b8bee7b2874204604194b3,ca21faeeb0b7558d287da86c9f148289368b7b2d654cacbfcf99ad9af17a1a7d,c61156784a2947f3fd78e37a27abdd58cbc21d3a15a68fbffda3d8cec7058600
audit_06,a1,,8,llama3.2:3b,a80c4f17acd5,0.7,20266108,092521bc22e4ec3fdf7cd2e3e4d11f0c487e6cf19cf3f60d7e463c2330dc9c5b,True,True,True,False,attempted,4500,2343,2157,1508,0,1508,False,other semantic error,,False,,de9dde5047bc260205e352e0e57d5de9ee53d16141b8bee7b2874204604194b3,ca21faeeb0b7558d287da86c9f148289368b7b2d654cacbfcf99ad9af17a1a7d,e37f34891197da557b5c058f8a6212e173af1e8ec46c2aea305f0bb23a066b18
audit_06,a1,,9,llama3.2:3b,a80c4f17acd5,0.7,20266109,ddb8032853c38fde755e43492de2342252b3c26ab2f5be95701e200e43519c50,False,False,False,False,attempted,0,0,0,0,0,0,False,syntax failure,FormulaSyntaxError: unexpected character at offset 12,False,,de9dde5047bc260205e352e0e57d5de9ee53d16141b8bee7b2874204604194b3,ca21faeeb0b7558d287da86c9f148289368b7b2d654cacbfcf99ad9af17a1a7d,a573835a757d5fb484ff2c49a40667dabde94ae1de51ced58b2e7f9394d18518
audit_06,a2a,design_a,0,llama3.2:3b,a80c4f17acd5,0.7,20266200,a75e86586d24bd6c2303d6e2c9c2116eff1545385b77c11ed348d749019320f5,False,False,False,False,attempted,0,0,0,0,0,0,False,syntax failure,"DSLParseError: expected '(' to start a task construct at line 1, column 1",False,,de9dde5047bc260205e352e0e57d5de9ee53d16141b8bee7b2874204604194b3,f566474c9a2cd36585e46684b4be0ced22119e374566e6c0536733de2a6737bd,d40a7b686d263c7cffce2ae1a32ef30598374436ce334f1c0d29f125719a929e
audit_06,a2a,design_a,1,llama3.2:3b,a80c4f17acd5,0.7,20266201,7ee00c9e69875cab7ab959cceb21d3936fca8b5990b066d04c5c2b7652fa8e1a,False,False,False,False,attempted,0,0,0,0,0,0,False,syntax failure,"DSLParseError: expected '(' to start a task construct at line 1, column 1",False,,de9dde5047bc260205e352e0e57d5de9ee53d16141b8bee7b2874204604194b3,f566474c9a2cd36585e46684b4be0ced22119e374566e6c0536733de2a6737bd,0f7b5eb306e170289f0d8ad88e3426939d8b2599334306016f4c43522fd2eb82
audit_06,a2a,design_a,2,llama3.2:3b,a80c4f17acd5,0.7,20266202,8b909bdd194e8f25afa2b232cfa5885e85ae0254dbf12f287c5535e9ab29c2fb,False,False,False,False,attempted,0,0,0,0,0,0,False,syntax failure,"DSLParseError: expected '(' to start a task construct at line 1, column 1",False,,de9dde5047bc260205e352e0e57d5de9ee53d16141b8bee7b2874204604194b3,f566474c9a2cd36585e46684b4be0ced22119e374566e6c0536733de2a6737bd,97f8ddb930dc44852309e7842cd29955f5d2d309306aea095b3cfb55f4845385
audit_06,a2a,design_a,3,llama3.2:3b,a80c4f17acd5,0.7,20266203,53bd5b326d92254e7c06cc6c6e0e3ac6b3b425df108875a76c6556c7d9268f0a,False,False,False,False,attempted,0,0,0,0,0,0,False,syntax failure,"DSLParseError: expected '(' to start a task construct at line 1, column 1",False,,de9dde5047bc260205e352e0e57d5de9ee53d16141b8bee7b2874204604194b3,f566474c9a2cd36585e46684b4be0ced22119e374566e6c0536733de2a6737bd,b32f9e84356b520ab4ae54c8cd6eb96cf77acbd23deb477dbd8159ccce8461ed
audit_06,a2a,design_a,4,llama3.2:3b,a80c4f17acd5,0.7,20266204,418edd144e114338adc4bbff7e331a81fe6e9dba2d80c99ac2c1a6729d230e6e,False,False,False,False,attempted,0,0,0,0,0,0,False,syntax failure,"DSLParseError: expected '(' to start a task construct at line 1, column 1",False,,de9dde5047bc260205e352e0e57d5de9ee53d16141b8bee7b2874204604194b3,f566474c9a2cd36585e46684b4be0ced22119e374566e6c0536733de2a6737bd,88b47159662be54855e332d6a2e686fb79ec2b2c9d056612114d40cda39e9f20
audit_06,a2a,design_a,5,llama3.2:3b,a80c4f17acd5,0.7,20266205,437b56b146ea2ce1c4be95cbdaa1890ad259708345b851e07602695bcec18904,False,False,False,False,attempted,0,0,0,0,0,0,False,syntax failure,"DSLParseError: expected '(' to start a task construct at line 1, column 1",False,,de9dde5047bc260205e352e0e57d5de9ee53d16141b8bee7b2874204604194b3,f566474c9a2cd36585e46684b4be0ced22119e374566e6c0536733de2a6737bd,a7eff8d075425af250e91fd0453bd4f177a5407b069f813a17f863335fad43e8
audit_06,a2a,design_a,6,llama3.2:3b,a80c4f17acd5,0.7,20266206,c0c2a07928012230fbacd779451dd1c8ca5b82f6fd0047600bc5efd2175da2ea,False,False,False,False,attempted,0,0,0,0,0,0,False,syntax failure,"DSLParseError: expected '(' to start a task construct at line 1, column 1",False,,de9dde5047bc260205e352e0e57d5de9ee53d16141b8bee7b2874204604194b3,f566474c9a2cd36585e46684b4be0ced22119e374566e6c0536733de2a6737bd,0101f58122978618931a56bc6fc83ac38146539e6d6592fb7b8fdb56971a268c
audit_06,a2a,design_a,7,llama3.2:3b,a80c4f17acd5,0.7,20266207,a121704dd3aaec95a607504c784c6862f7fd1e96ba967e2e0f6ba6daa9d2f2e8,False,False,False,False,attempted,0,0,0,0,0,0,False,syntax failure,"DSLParseError: too many arguments to 'eventually' at line 1, column 24",False,,de9dde5047bc260205e352e0e57d5de9ee53d16141b8bee7b2874204604194b3,f566474c9a2cd36585e46684b4be0ced22119e374566e6c0536733de2a6737bd,ac12a377b16bbd08e7d82a7b413f4527b87e450e8004078b9034b55c2e1761cb
audit_06,a2a,design_a,8,llama3.2:3b,a80c4f17acd5,0.7,20266208,a02da3333f04f57fdaee379f46e78e1c126786ed42f03986d5b72035f89dba5f,False,False,False,False,attempted,0,0,0,0,0,0,False,syntax failure,"DSLParseError: expected '(' to start a task construct at line 1, column 1",False,,de9dde5047bc260205e352e0e57d5de9ee53d16141b8bee7b2874204604194b3,f566474c9a2cd36585e46684b4be0ced22119e374566e6c0536733de2a6737bd,00e47ca9ed32c0df24e13c59004a1ed30aceed2e079a7ec5a398015c1e369dab
audit_06,a2a,design_a,9,llama3.2:3b,a80c4f17acd5,0.7,20266209,cfe75f4fcdbafef7e0ee92745cf1bd7b01d0ee5587d8427bfb434208577740a9,False,False,False,False,attempted,0,0,0,0,0,0,False,syntax failure,"DSLParseError: expected '(' to start a task construct at line 1, column 1",False,,de9dde5047bc260205e352e0e57d5de9ee53d16141b8bee7b2874204604194b3,f566474c9a2cd36585e46684b4be0ced22119e374566e6c0536733de2a6737bd,4337fce152877b600ad40bacc6206607d7c0d1e1ff6869cc9ab4604bf0125573
audit_06,a2b,design_b,0,llama3.2:3b,a80c4f17acd5,0.7,20266300,e452e4728aaf968717d60302dccd0fe87419e7e9f51eab56c6809254b00d9482,False,False,False,False,attempted,0,0,0,0,0,0,False,syntax failure,"DSLSyntaxError: unexpected text at character 71: ' = """"""all {'",False,,de9dde5047bc260205e352e0e57d5de9ee53d16141b8bee7b2874204604194b3,6ae35cbabc0487c286742e9904bd75410151278d27600ab782c1065de2fda583,6cf1c30529e9bbbbeb45b89ceda8f09c638dbbc614ebc2540ec42bcf4cf0e097
audit_06,a2b,design_b,1,llama3.2:3b,a80c4f17acd5,0.7,20266301,8b86f737d509264e3de294e6c5b75fcff739c421178b22c12affffa5c69a60c8,False,False,False,False,attempted,0,0,0,0,0,0,False,syntax failure,"DSLSyntaxError: expected end of source at character 7, got '{'",False,,de9dde5047bc260205e352e0e57d5de9ee53d16141b8bee7b2874204604194b3,6ae35cbabc0487c286742e9904bd75410151278d27600ab782c1065de2fda583,6bcd540c0465bfa69b7b58a55d1c63835c10c46c6829a10186cef1416ddacab6
audit_06,a2b,design_b,2,llama3.2:3b,a80c4f17acd5,0.7,20266302,ce5963240dd32c1673935f5ba095281bacdd96c8dfead9f0bf0129b21285eaf5,False,False,False,False,attempted,0,0,0,0,0,0,False,syntax failure,"DSLSyntaxError: unexpected text at character 71: ' = """"""'",False,,de9dde5047bc260205e352e0e57d5de9ee53d16141b8bee7b2874204604194b3,6ae35cbabc0487c286742e9904bd75410151278d27600ab782c1065de2fda583,3444697780b4a1eaca72c5aa1a8e928e29bb2ef3f03a2cde90454eeaa52bfd75
audit_06,a2b,design_b,3,llama3.2:3b,a80c4f17acd5,0.7,20266303,239a870d8ac6bc87d19bed70e8a29d9f383b5c9f1ce1dadf0c28c8a922ac21b3,False,False,False,False,attempted,0,0,0,0,0,0,False,syntax failure,"DSLSyntaxError: unexpected text at character 71: ' = """"""'",False,,de9dde5047bc260205e352e0e57d5de9ee53d16141b8bee7b2874204604194b3,6ae35cbabc0487c286742e9904bd75410151278d27600ab782c1065de2fda583,18db0bd285f86c165f2c7ed845d02ad15e71b3acc69c03112de807259f3c1e50
audit_06,a2b,design_b,4,llama3.2:3b,a80c4f17acd5,0.7,20266304,8b86f737d509264e3de294e6c5b75fcff739c421178b22c12affffa5c69a60c8,False,False,False,False,attempted,0,0,0,0,0,0,False,syntax failure,"DSLSyntaxError: expected end of source at character 7, got '{'",False,,de9dde5047bc260205e352e0e57d5de9ee53d16141b8bee7b2874204604194b3,6ae35cbabc0487c286742e9904bd75410151278d27600ab782c1065de2fda583,6bcd540c0465bfa69b7b58a55d1c63835c10c46c6829a10186cef1416ddacab6
audit_06,a2b,design_b,5,llama3.2:3b,a80c4f17acd5,0.7,20266305,045704d2654f7fb1949975f6092ab9a4905694b9a041e480be9ea55a53b18a83,False,False,False,False,attempted,0,0,0,0,0,0,False,syntax failure,"DSLSyntaxError: expected '}' at character 48, got ';'",False,,de9dde5047bc260205e352e0e57d5de9ee53d16141b8bee7b2874204604194b3,6ae35cbabc0487c286742e9904bd75410151278d27600ab782c1065de2fda583,5dc67d9f2e96e390cd6fd7b34eff38299c1575991e0f34522b31c9bb64b72b92
audit_06,a2b,design_b,6,llama3.2:3b,a80c4f17acd5,0.7,20266306,ed78600ea34ec1e163b21ede2eeb3efa736e0ea120d462065425dab9c768c5c1,False,False,False,False,attempted,0,0,0,0,0,0,False,syntax failure,DSLSyntaxError: unexpected text at character 78: '(source):',False,,de9dde5047bc260205e352e0e57d5de9ee53d16141b8bee7b2874204604194b3,6ae35cbabc0487c286742e9904bd75410151278d27600ab782c1065de2fda583,251d17b91c2073de3ad7de5babfedd45af64fd53eb8ec5787a0daeb117680f7b
audit_06,a2b,design_b,7,llama3.2:3b,a80c4f17acd5,0.7,20266307,f724ebca6643a2c42dcac5f980f10f12ce6e6039e1130c39ca97a4e0f2233a35,False,False,False,False,attempted,0,0,0,0,0,0,False,syntax failure,"DSLSyntaxError: expected end of source at character 11, got 'A'",False,,de9dde5047bc260205e352e0e57d5de9ee53d16141b8bee7b2874204604194b3,6ae35cbabc0487c286742e9904bd75410151278d27600ab782c1065de2fda583,5aae09698baa040ef94f2e49c13da4bb217a010146d4cadc4294347459c10fe3
audit_06,a2b,design_b,8,llama3.2:3b,a80c4f17acd5,0.7,20266308,48ef643b5b04b5be661749ff5e3fd3a077a753cde590e6ad73ae80fc8c1204bb,False,False,False,False,attempted,0,0,0,0,0,0,False,syntax failure,"DSLSyntaxError: expected end of source at character 7, got '{'",False,,de9dde5047bc260205e352e0e57d5de9ee53d16141b8bee7b2874204604194b3,6ae35cbabc0487c286742e9904bd75410151278d27600ab782c1065de2fda583,3fa05eead28cae26fee296beb33350b448b23127866ce05f70e405e3d4b6b6f2
audit_06,a2b,design_b,9,llama3.2:3b,a80c4f17acd5,0.7,20266309,a8ac37c79734f423571c95311a44317a93cd471c84ef738b874e35acf19d543a,False,False,False,False,attempted,0,0,0,0,0,0,False,syntax failure,"DSLSyntaxError: unexpected text at character 71: ' = """"""'",False,,de9dde5047bc260205e352e0e57d5de9ee53d16141b8bee7b2874204604194b3,6ae35cbabc0487c286742e9904bd75410151278d27600ab782c1065de2fda583,bf8c9e99b302115d6313afe609cc0bda1c3569d96af9905784584b236b001aa3
audit_06,a2c,design_c,0,llama3.2:3b,a80c4f17acd5,0.7,20266400,0b21808e1ec35d54ce179f99c6e95ca8ae712cdfd7d21008f92b03d1f9ebe893,False,False,False,False,attempted,0,0,0,0,0,0,False,syntax failure,"DSLParseError: unexpected character ':' at line 3, column 17",False,,de9dde5047bc260205e352e0e57d5de9ee53d16141b8bee7b2874204604194b3,b756f36513f13598008fbac35034785d7f9ecc7519f5b2a17057d11816299d75,fe3feaeafefab03388d56755ea262a8b273916ef02c13de9677608b3596e466f
audit_06,a2c,design_c,1,llama3.2:3b,a80c4f17acd5,0.7,20266401,0e8c3fc8d78041380cc7ae2ae7db59a7a30272dc53c33bd3b75439eb4795a8c9,False,False,False,False,attempted,0,0,0,0,0,0,False,syntax failure,"DSLParseError: unexpected character '=' at line 3, column 6",False,,de9dde5047bc260205e352e0e57d5de9ee53d16141b8bee7b2874204604194b3,b756f36513f13598008fbac35034785d7f9ecc7519f5b2a17057d11816299d75,9a34dbcf9e1a8ff9201f208dd01de8510d2f4ae0f5ab54c4208dac43e8f0dd14
audit_06,a2c,design_c,2,llama3.2:3b,a80c4f17acd5,0.7,20266402,527b8291e601d216942a1b067b01fe93dc60a20a204a1a88fc44d0a539d5f4a5,False,False,False,False,attempted,0,0,0,0,0,0,False,syntax failure,"DSLParseError: unexpected character '#' at line 6, column 1",False,,de9dde5047bc260205e352e0e57d5de9ee53d16141b8bee7b2874204604194b3,b756f36513f13598008fbac35034785d7f9ecc7519f5b2a17057d11816299d75,35845953fce42f98b0994ce4182f1b84c3763f5bd81a44789e77853d7092091d
audit_06,a2c,design_c,3,llama3.2:3b,a80c4f17acd5,0.7,20266403,94560189a3ef55f920d42add0e6068e1bbd5a77edee7710995411b5672ad1932,False,False,False,False,attempted,0,0,0,0,0,0,False,syntax failure,"DSLParseError: unexpected character ':' at line 1, column 33",False,,de9dde5047bc260205e352e0e57d5de9ee53d16141b8bee7b2874204604194b3,b756f36513f13598008fbac35034785d7f9ecc7519f5b2a17057d11816299d75,5843f0eeaa2c77ad258e1d69a853e0e5d161f20ab65b56fba23ebd6604fd4d6c
audit_06,a2c,design_c,4,llama3.2:3b,a80c4f17acd5,0.7,20266404,4df82824b6317b8cc3363c5e9a09f9152181403591cc8b28722b535b89f78435,False,False,False,False,attempted,0,0,0,0,0,0,False,syntax failure,"DSLParseError: unexpected character ':' at line 1, column 33",False,,de9dde5047bc260205e352e0e57d5de9ee53d16141b8bee7b2874204604194b3,b756f36513f13598008fbac35034785d7f9ecc7519f5b2a17057d11816299d75,382de27d96b89aa4e70e04a58c0b8602b2d9ce248ebc362095d060bbd5ccea07
audit_06,a2c,design_c,5,llama3.2:3b,a80c4f17acd5,0.7,20266405,6d8bd53cd491260db96483c1df98973e09ea1c53e937d1b2b0a4f065521eee73,False,False,False,False,attempted,0,0,0,0,0,0,False,syntax failure,"DSLParseError: unexpected character '`' at line 1, column 1",False,,de9dde5047bc260205e352e0e57d5de9ee53d16141b8bee7b2874204604194b3,b756f36513f13598008fbac35034785d7f9ecc7519f5b2a17057d11816299d75,29f5ffc422f6b8b793524d5373c00f8784339ba4698c0be2c2de848eed44d281
audit_06,a2c,design_c,6,llama3.2:3b,a80c4f17acd5,0.7,20266406,c6a03a609ccbd780f1b50f70c2b67db6c93fddf3c1b9bd1972bceebcb0805618,False,False,False,False,attempted,0,0,0,0,0,0,False,syntax failure,"DSLParseError: unexpected character ':' at line 3, column 17",False,,de9dde5047bc260205e352e0e57d5de9ee53d16141b8bee7b2874204604194b3,b756f36513f13598008fbac35034785d7f9ecc7519f5b2a17057d11816299d75,d837db84c83a19766c41a388708dc5ca4a4b2a2ec85553c1e19b16a3adb20b03
audit_06,a2c,design_c,7,llama3.2:3b,a80c4f17acd5,0.7,20266407,d3ad6345dc48763e7a6a80759b23cba7278d802fa17e0849609cb5bfb9bdbc15,False,False,False,False,attempted,0,0,0,0,0,0,False,syntax failure,"DSLParseError: unexpected character '@' at line 5, column 1",False,,de9dde5047bc260205e352e0e57d5de9ee53d16141b8bee7b2874204604194b3,b756f36513f13598008fbac35034785d7f9ecc7519f5b2a17057d11816299d75,558e5d1f2598334ba4cea9016b8b3948cfceee2abfb0b7749a712ac4a2b7b041
audit_06,a2c,design_c,8,llama3.2:3b,a80c4f17acd5,0.7,20266408,0ab131528ccc10d3ceef52cb1f4d6366faf90f61aeb37f8ebc8b59041519924a,False,False,False,False,attempted,0,0,0,0,0,0,False,syntax failure,"DSLParseError: unexpected character '=' at line 3, column 6",False,,de9dde5047bc260205e352e0e57d5de9ee53d16141b8bee7b2874204604194b3,b756f36513f13598008fbac35034785d7f9ecc7519f5b2a17057d11816299d75,38cbc282108309c875ac0fc3587d50eed0dd60dc868cc76acd84d5b3d5d9a015
audit_06,a2c,design_c,9,llama3.2:3b,a80c4f17acd5,0.7,20266409,af9b12f1948b3b597212cc26ec0598eb9bc5194fabe04de6fbd4f648cecf796f,False,False,False,False,attempted,0,0,0,0,0,0,False,syntax failure,"DSLParseError: unexpected character ':' at line 1, column 23",False,,de9dde5047bc260205e352e0e57d5de9ee53d16141b8bee7b2874204604194b3,b756f36513f13598008fbac35034785d7f9ecc7519f5b2a17057d11816299d75,d78539c440132261c49b0e753825cfe4f9848e2f7fc22b486c2d3406617105a6
audit_06,a3,,0,llama3.2:3b,a80c4f17acd5,0.7,20266500,48894180c39401ba7b9bb2591eda3bc0b1eeffa6191cee32f109bbc29e80b4cb,True,True,True,False,attempted,4500,2343,2157,0,2343,2343,False,other semantic error,,False,,de9dde5047bc260205e352e0e57d5de9ee53d16141b8bee7b2874204604194b3,7eb9ffe6eb964bc83a7ac26ae600ce46f6be951424f1fe24d37aecd0f3c68e90,04928e3d2a8a2f8d7ac4c0885fc16d48b5fedd1fdd9590bf7791e2858f765ad9
audit_06,a3,,1,llama3.2:3b,a80c4f17acd5,0.7,20266501,ae390b62179285a15e2561e5b06291d048a6fc69fa0a896cd1bd89af4e65adb7,True,True,True,False,attempted,4500,2343,2157,1508,1147,2655,False,other semantic error,,False,,de9dde5047bc260205e352e0e57d5de9ee53d16141b8bee7b2874204604194b3,7eb9ffe6eb964bc83a7ac26ae600ce46f6be951424f1fe24d37aecd0f3c68e90,eb18fb083693a0a27eef4f4cb7120f1e93c1306b4e1399238c437065a6c29425
audit_06,a3,,2,llama3.2:3b,a80c4f17acd5,0.7,20266502,b530209bfc3a4b8c095314253fba94b02eec3f62e10c628b1d9a8e45c4dfbaba,True,False,False,False,attempted,0,0,0,0,0,0,False,runtime error,TypeError: 'set' object is not subscriptable,False,,de9dde5047bc260205e352e0e57d5de9ee53d16141b8bee7b2874204604194b3,7eb9ffe6eb964bc83a7ac26ae600ce46f6be951424f1fe24d37aecd0f3c68e90,79f778e39baa23937ac8f7e72905a6c67d3b427ad776e2df00bfffe396239d7c
audit_06,a3,,3,llama3.2:3b,a80c4f17acd5,0.7,20266503,95f654116fab56748e6d50280223fdb3f3e5549ecfdd00c64b878ea76e911fb0,True,False,False,False,attempted,0,0,0,0,0,0,False,runtime error,Exception: X forbidden between A and C,False,,de9dde5047bc260205e352e0e57d5de9ee53d16141b8bee7b2874204604194b3,7eb9ffe6eb964bc83a7ac26ae600ce46f6be951424f1fe24d37aecd0f3c68e90,d62fb49810343cd8e3305497353f01d2b5d943528673779d8911a999c2d4e764
audit_06,a3,,4,llama3.2:3b,a80c4f17acd5,0.7,20266504,f054868d75087291697915e6091cb95fc15fe38f062dfebb08c8bdb35ef05046,True,True,True,False,attempted,4500,2343,2157,2157,772,2929,False,other semantic error,,False,,de9dde5047bc260205e352e0e57d5de9ee53d16141b8bee7b2874204604194b3,7eb9ffe6eb964bc83a7ac26ae600ce46f6be951424f1fe24d37aecd0f3c68e90,b4786240ac5a792c3b554b70660c1594abf5bfe5db0a788f7c25caa9cefc3947
audit_06,a3,,5,llama3.2:3b,a80c4f17acd5,0.7,20266505,fbb6a39706c4feca68a0e066086f431c773734b272ae7b6767238b6ee3bab5c4,True,True,True,False,attempted,4500,2343,2157,2157,772,2929,False,other semantic error,,False,,de9dde5047bc260205e352e0e57d5de9ee53d16141b8bee7b2874204604194b3,7eb9ffe6eb964bc83a7ac26ae600ce46f6be951424f1fe24d37aecd0f3c68e90,3e48f2abde170339d9d9ef34a6053615a468b8a5eba67107f21c9449a67e74b1
audit_06,a3,,6,llama3.2:3b,a80c4f17acd5,0.7,20266506,b8244e9cea552829e8c4791f84961096319dbd2466338b6023c88b50ed85567d,True,False,False,False,attempted,0,0,0,0,0,0,False,runtime error,NameError: name 'propositions' is not defined,False,,de9dde5047bc260205e352e0e57d5de9ee53d16141b8bee7b2874204604194b3,7eb9ffe6eb964bc83a7ac26ae600ce46f6be951424f1fe24d37aecd0f3c68e90,d832446b8510c8c39e83a44e39ec5c825698fd31ba5c4cc5ff031d3541ddb1f6
audit_06,a3,,7,llama3.2:3b,a80c4f17acd5,0.7,20266507,20ad4230f1659376632c63601289f95fcd00e3d6fa2c5c14ea4730b47d00631d,True,False,False,False,attempted,0,0,0,0,0,0,False,runtime error,ValueError: Avoid X until C,False,,de9dde5047bc260205e352e0e57d5de9ee53d16141b8bee7b2874204604194b3,7eb9ffe6eb964bc83a7ac26ae600ce46f6be951424f1fe24d37aecd0f3c68e90,40d93a82ad8e9e7a9483b81f0c6bc05592e380759f3a3c530e2525debd87c744
audit_06,a3,,8,llama3.2:3b,a80c4f17acd5,0.7,20266508,089c8c4375d873347b29c4a3a6a2add87d53015504da03cfaac04f71a241b9a3,False,False,False,False,attempted,0,0,0,0,0,0,False,syntax failure,"SyntaxError: invalid syntax (<unknown>, line 4)",False,,de9dde5047bc260205e352e0e57d5de9ee53d16141b8bee7b2874204604194b3,7eb9ffe6eb964bc83a7ac26ae600ce46f6be951424f1fe24d37aecd0f3c68e90,0a2fcbae10671ffb86a5370687f4aa2ad2bc3b6e0ff526f90ac9172ea88a9f21
audit_06,a3,,9,llama3.2:3b,a80c4f17acd5,0.7,20266509,2a9b2a59bf4b9cf64963502cce76ce384ebc552b07f5cbe5b68eef2d71e9b47a,True,False,False,False,attempted,0,0,0,0,0,0,False,runtime error,Exception: X should be avoided until C,False,,de9dde5047bc260205e352e0e57d5de9ee53d16141b8bee7b2874204604194b3,7eb9ffe6eb964bc83a7ac26ae600ce46f6be951424f1fe24d37aecd0f3c68e90,2cbc8924e382859b6469c4f2b5a5f2d0bfe33d637815fd0d3e75dd57a5754450
audit_07,a1,,0,llama3.2:3b,a80c4f17acd5,0.7,20267100,57833ee095ffb65ce6ec283e5573dc8b2849d5085d78c22b99da2c7858e44df7,False,False,False,False,attempted,0,0,0,0,0,0,False,syntax failure,FormulaSyntaxError: unexpected character at offset 11,False,,de9dde5047bc260205e352e0e57d5de9ee53d16141b8bee7b2874204604194b3,5156ea6a0db3ae7019ac0bf10a8cc57ae8f350fc3cae591644fa01c1f42caf4b,0c812e31b0b1312edcdae219ddece37feb8d4a0b8beff5c6eaa495a8d9572435
audit_07,a1,,1,llama3.2:3b,a80c4f17acd5,0.7,20267101,a1321a5556ebf06148463b889ec28e5144a100a02a660e1ba80fa050a78a6d6f,False,False,False,False,attempted,0,0,0,0,0,0,False,syntax failure,FormulaSyntaxError: unexpected character at offset 25,False,,de9dde5047bc260205e352e0e57d5de9ee53d16141b8bee7b2874204604194b3,5156ea6a0db3ae7019ac0bf10a8cc57ae8f350fc3cae591644fa01c1f42caf4b,34f52ee6aae280b7c1d341d1bba4b9d87fc35a969c21ce9b368dafc4c2c80097
audit_07,a1,,2,llama3.2:3b,a80c4f17acd5,0.7,20267102,9158d245f53dade4a43218bf3da9627ea6c0776ab876048fec09e5962a319ff6,False,False,False,False,attempted,0,0,0,0,0,0,False,syntax failure,FormulaSyntaxError: unexpected character at offset 9,False,,de9dde5047bc260205e352e0e57d5de9ee53d16141b8bee7b2874204604194b3,5156ea6a0db3ae7019ac0bf10a8cc57ae8f350fc3cae591644fa01c1f42caf4b,be2758cdbef22280c260ac23c41f3d8b218f796527bf93bcbe90749b38a3abd6
audit_07,a1,,3,llama3.2:3b,a80c4f17acd5,0.7,20267103,f80eed242a22eefc1ba020628b79c86d4922cc8ebbfcb7702d03d6029456e6ed,False,False,False,False,attempted,0,0,0,0,0,0,False,syntax failure,FormulaSyntaxError: unexpected character at offset 18,False,,de9dde5047bc260205e352e0e57d5de9ee53d16141b8bee7b2874204604194b3,5156ea6a0db3ae7019ac0bf10a8cc57ae8f350fc3cae591644fa01c1f42caf4b,8c795102986b9ccd0f2955471d90409499afd918961e94f3554b4672a22b2e90
audit_07,a1,,4,llama3.2:3b,a80c4f17acd5,0.7,20267104,d560a233c40cdf215788910aa8fddf6e79ca28b77ea64918b1836babc645055f,False,False,False,False,attempted,0,0,0,0,0,0,False,syntax failure,FormulaSyntaxError: unexpected character at offset 17,False,,de9dde5047bc260205e352e0e57d5de9ee53d16141b8bee7b2874204604194b3,5156ea6a0db3ae7019ac0bf10a8cc57ae8f350fc3cae591644fa01c1f42caf4b,a1426761c434222f15b65648281fcf6a3ffb229da189c3df697466198a313255
audit_07,a1,,5,llama3.2:3b,a80c4f17acd5,0.7,20267105,ab16f7cffa742eb393213de5ede37d36bc1541c59ed62f0841ab13509f1511b5,False,False,False,False,attempted,0,0,0,0,0,0,False,syntax failure,FormulaSyntaxError: unexpected character at offset 22,False,,de9dde5047bc260205e352e0e57d5de9ee53d16141b8bee7b2874204604194b3,5156ea6a0db3ae7019ac0bf10a8cc57ae8f350fc3cae591644fa01c1f42caf4b,944fdebebfef7f3a063ee0ea9bc7db56ca42b7d75e697b642bdbb20a915a5232
audit_07,a1,,6,llama3.2:3b,a80c4f17acd5,0.7,20267106,3fa257a1e620450c67e6f3e1d3d290b2dee0d03d573208ad022259bb4878d596,False,False,False,False,attempted,0,0,0,0,0,0,False,syntax failure,FormulaSyntaxError: unexpected character at offset 14,False,,de9dde5047bc260205e352e0e57d5de9ee53d16141b8bee7b2874204604194b3,5156ea6a0db3ae7019ac0bf10a8cc57ae8f350fc3cae591644fa01c1f42caf4b,f062b76e0f467af521526239aec74b20df9285196d89509e3995b2f5bf6957d7
audit_07,a1,,7,llama3.2:3b,a80c4f17acd5,0.7,20267107,ee056d79c20402aaef2c26586c15f9b9d9090ed1e3dd1767eb553c75b52d10a6,False,False,False,False,attempted,0,0,0,0,0,0,False,syntax failure,FormulaSyntaxError: unexpected character at offset 23,False,,de9dde5047bc260205e352e0e57d5de9ee53d16141b8bee7b2874204604194b3,5156ea6a0db3ae7019ac0bf10a8cc57ae8f350fc3cae591644fa01c1f42caf4b,bdbe99bd822d268a82c064100de4e49ae25625ed32034121adbda52cad3f2bb4
audit_07,a1,,8,llama3.2:3b,a80c4f17acd5,0.7,20267108,2ca8c07f4de5c0297487d1d00aea7085440d04246f2bddfe0db201e428f61934,False,False,False,False,attempted,0,0,0,0,0,0,False,syntax failure,FormulaSyntaxError: unexpected token 'F',False,,de9dde5047bc260205e352e0e57d5de9ee53d16141b8bee7b2874204604194b3,5156ea6a0db3ae7019ac0bf10a8cc57ae8f350fc3cae591644fa01c1f42caf4b,3ceced279d0bf5a31080428dd77829392d73f370c0010490474cd822c7063810
audit_07,a1,,9,llama3.2:3b,a80c4f17acd5,0.7,20267109,efd83804427a48999a0786f283bb57499ab6c3e194d381b539a4d851d2f08e4e,False,False,False,False,attempted,0,0,0,0,0,0,False,syntax failure,FormulaSyntaxError: unexpected character at offset 19,False,,de9dde5047bc260205e352e0e57d5de9ee53d16141b8bee7b2874204604194b3,5156ea6a0db3ae7019ac0bf10a8cc57ae8f350fc3cae591644fa01c1f42caf4b,61c04a2ac3946c114018921030f22f3de92ed2e6a698048728ce2aeff2607084
audit_07,a2a,design_a,0,llama3.2:3b,a80c4f17acd5,0.7,20267200,7a1677f51ed3322a92718da5c10165df3cf2e7c82022122f22c238f47625c269,False,False,False,False,attempted,0,0,0,0,0,0,False,syntax failure,"DSLParseError: expected '(' to start a task construct at line 1, column 1",False,,de9dde5047bc260205e352e0e57d5de9ee53d16141b8bee7b2874204604194b3,52f879ef7316c4ccbeb583e97d9b4dc6014927af992fa531e9581bf67212c4b1,ee9eb9289b56ebccbca7b3a396061612cd53d5a57c2d9b410ce198d3e30ec0bb
audit_07,a2a,design_a,1,llama3.2:3b,a80c4f17acd5,0.7,20267201,df1b99e26bd15801ac487042f6e50fea7d39a50440041eb76f05e28472d83111,False,False,False,False,attempted,0,0,0,0,0,0,False,syntax failure,"DSLParseError: expected '(' to start a task construct at line 1, column 1",False,,de9dde5047bc260205e352e0e57d5de9ee53d16141b8bee7b2874204604194b3,52f879ef7316c4ccbeb583e97d9b4dc6014927af992fa531e9581bf67212c4b1,c74628dfdcb58881b95aa4fb3b9bc3cc3b957c86f2fb8dc7a1d9fcbf454cdd28
audit_07,a2a,design_a,2,llama3.2:3b,a80c4f17acd5,0.7,20267202,764e89d3e08c9b5b700edf1398bac3bc4417697322f69da78ba9bdb812a559a2,False,False,False,False,attempted,0,0,0,0,0,0,False,syntax failure,"DSLParseError: too many arguments to 'eventually' at line 1, column 15",False,,de9dde5047bc260205e352e0e57d5de9ee53d16141b8bee7b2874204604194b3,52f879ef7316c4ccbeb583e97d9b4dc6014927af992fa531e9581bf67212c4b1,3b5a496ddb5b382383c513cb055b128e78d1587ce9c7aa19ffbb0769d90bb223
audit_07,a2a,design_a,3,llama3.2:3b,a80c4f17acd5,0.7,20267203,201d25b9ae7d88c70142c7a3456299c0a4683195287d03279d0a2e9020215d63,False,False,False,False,attempted,0,0,0,0,0,0,False,syntax failure,"DSLParseError: expected '(' to start a task construct at line 1, column 1",False,,de9dde5047bc260205e352e0e57d5de9ee53d16141b8bee7b2874204604194b3,52f879ef7316c4ccbeb583e97d9b4dc6014927af992fa531e9581bf67212c4b1,7e811e860bbf8ed001cfaec0e7971ecbad3d1406f755663b77b51bcef22c903f
audit_07,a2a,design_a,4,llama3.2:3b,a80c4f17acd5,0.7,20267204,9556f18cefa75eb8d25371809f32a8e9a56bd6fb3d1f0636cfae19605606c58a,False,False,False,False,attempted,0,0,0,0,0,0,False,syntax failure,"DSLParseError: expected '(' to start a task construct at line 1, column 1",False,,de9dde5047bc260205e352e0e57d5de9ee53d16141b8bee7b2874204604194b3,52f879ef7316c4ccbeb583e97d9b4dc6014927af992fa531e9581bf67212c4b1,3788dae8acc4b57d2617128be9e65e37456ae823d9c5980ce598ddd9faaee652
audit_07,a2a,design_a,5,llama3.2:3b,a80c4f17acd5,0.7,20267205,764e89d3e08c9b5b700edf1398bac3bc4417697322f69da78ba9bdb812a559a2,False,False,False,False,attempted,0,0,0,0,0,0,False,syntax failure,"DSLParseError: too many arguments to 'eventually' at line 1, column 15",False,,de9dde5047bc260205e352e0e57d5de9ee53d16141b8bee7b2874204604194b3,52f879ef7316c4ccbeb583e97d9b4dc6014927af992fa531e9581bf67212c4b1,3b5a496ddb5b382383c513cb055b128e78d1587ce9c7aa19ffbb0769d90bb223
audit_07,a2a,design_a,6,llama3.2:3b,a80c4f17acd5,0.7,20267206,ae1791a3a6184ee2935d6d14a3d23fcef2cff84489fa8829e9ec2b4afd91704c,False,False,False,False,attempted,0,0,0,0,0,0,False,syntax failure,"DSLParseError: expected '(' to start a task construct at line 1, column 1",False,,de9dde5047bc260205e352e0e57d5de9ee53d16141b8bee7b2874204604194b3,52f879ef7316c4ccbeb583e97d9b4dc6014927af992fa531e9581bf67212c4b1,4c5b4c51005ee1d066d02cefb072ed98b2e99cc19679ed9c95d0378af9de8a4c
audit_07,a2a,design_a,7,llama3.2:3b,a80c4f17acd5,0.7,20267207,ec436709b0a382e82d47377f99ff69c2ad000ba46e7ddcf10790a7bfebc8a0e6,False,False,False,False,attempted,0,0,0,0,0,0,False,syntax failure,"DSLParseError: expected '(' to start a task construct at line 1, column 1",False,,de9dde5047bc260205e352e0e57d5de9ee53d16141b8bee7b2874204604194b3,52f879ef7316c4ccbeb583e97d9b4dc6014927af992fa531e9581bf67212c4b1,18e1d079fbe974592368c307d6b5c32a5d14655fc759f1331edd41c489c77136
audit_07,a2a,design_a,8,llama3.2:3b,a80c4f17acd5,0.7,20267208,3b6614681359fccfcc5e6b6c934061c81ed8b40395ef91f8083bd78be49ae197,False,False,False,False,attempted,0,0,0,0,0,0,False,syntax failure,"DSLParseError: expected '(' to start a task construct at line 1, column 1",False,,de9dde5047bc260205e352e0e57d5de9ee53d16141b8bee7b2874204604194b3,52f879ef7316c4ccbeb583e97d9b4dc6014927af992fa531e9581bf67212c4b1,29627bcfcf633a2804b2090dbb6a9f531f77252b7bda3f04e7ffdfa5146c53fe
audit_07,a2a,design_a,9,llama3.2:3b,a80c4f17acd5,0.7,20267209,4d75d00458575ec2bfef2126465d3bf571467e33e5e099048428476e7fa3e63e,False,False,False,False,attempted,0,0,0,0,0,0,False,syntax failure,"DSLParseError: expected '(' to start a task construct at line 1, column 1",False,,de9dde5047bc260205e352e0e57d5de9ee53d16141b8bee7b2874204604194b3,52f879ef7316c4ccbeb583e97d9b4dc6014927af992fa531e9581bf67212c4b1,f5a763593629acdb656c743e83ab907b5c7de0ed1e96763dda76051c56a8c11c
audit_07,a2b,design_b,0,llama3.2:3b,a80c4f17acd5,0.7,20267300,b62c15f67886f4de0cd0724e88588206d9fe070d868fead476819b7cd0a34dfe,False,False,False,False,attempted,0,0,0,0,0,0,False,syntax failure,DSLSyntaxError: unexpected text at character 75: '(source: str) ->',False,,de9dde5047bc260205e352e0e57d5de9ee53d16141b8bee7b2874204604194b3,42faaae3a2d552d323e28f47087691f5ac78e35d42a045a379b5f53ccf19e74f,57cd46d80b67e9e8e5cc0f545e62091931a8056585315952d9ca39dbecf9b8ea
audit_07,a2b,design_b,1,llama3.2:3b,a80c4f17acd5,0.7,20267301,e9a6616020d2cd0c5d2b0bd0796e0d089fb773579966a006a2a5feb06ca1ee69,False,False,False,False,attempted,0,0,0,0,0,0,False,syntax failure,"DSLSyntaxError: expected end of source at character 7, got '{'",False,,de9dde5047bc260205e352e0e57d5de9ee53d16141b8bee7b2874204604194b3,42faaae3a2d552d323e28f47087691f5ac78e35d42a045a379b5f53ccf19e74f,fa81fb5b6b52ccd3f9b8b58afbe3814c9884b23514deeaed52ab7eabd70b6ab9
audit_07,a2b,design_b,2,llama3.2:3b,a80c4f17acd5,0.7,20267302,023aad42415344633cc1a77d7ab0e926a50b89274d7a31192e4284123f6b059e,False,False,False,False,attempted,0,0,0,0,0,0,False,syntax failure,DSLSyntaxError: unexpected text at character 75: '(source: str) ->',False,,de9dde5047bc260205e352e0e57d5de9ee53d16141b8bee7b2874204604194b3,42faaae3a2d552d323e28f47087691f5ac78e35d42a045a379b5f53ccf19e74f,9ae037bd8e4d96853ae1e74b9c047573011366235c4767402651dcdb51f08ccd
audit_07,a2b,design_b,3,llama3.2:3b,a80c4f17acd5,0.7,20267303,651395f63ae33d64bacc9b4d963466a308e885ae7e04ab17fc446bd1f6e8b004,False,False,False,False,attempted,0,0,0,0,0,0,False,syntax failure,"DSLSyntaxError: expected end of source at character 7, got '{'",False,,de9dde5047bc260205e352e0e57d5de9ee53d16141b8bee7b2874204604194b3,42faaae3a2d552d323e28f47087691f5ac78e35d42a045a379b5f53ccf19e74f,c5799bbe48251e77b7d69426f211b27ed51a45c2b75c60c6e533919ace19f7f4
audit_07,a2b,design_b,4,llama3.2:3b,a80c4f17acd5,0.7,20267304,843a97c7c8c57433bb394dafcb2db311b7343c88a739e28618dc967ee1c0a3cb,False,False,False,False,attempted,0,0,0,0,0,0,False,syntax failure,DSLSyntaxError: unexpected text at character 78: '(source: str) ->',False,,de9dde5047bc260205e352e0e57d5de9ee53d16141b8bee7b2874204604194b3,42faaae3a2d552d323e28f47087691f5ac78e35d42a045a379b5f53ccf19e74f,64a9be843c6962f649657bef404827428ee071c8eac087c63054e5809e4e386b
audit_07,a2b,design_b,5,llama3.2:3b,a80c4f17acd5,0.7,20267305,365585a1855d9edc3a6845d09497f68a64468ed90188f8ed5ec1fe4542a36616,False,False,False,False,attempted,0,0,0,0,0,0,False,syntax failure,"DSLSyntaxError: unexpected text at character 71: ' = """"""'",False,,de9dde5047bc260205e352e0e57d5de9ee53d16141b8bee7b2874204604194b3,42faaae3a2d552d323e28f47087691f5ac78e35d42a045a379b5f53ccf19e74f,4316ee10b6c8796d3d6d086e34334cc86ce08925e975f9c4248325ef2d786792
audit_07,a2b,design_b,6,llama3.2:3b,a80c4f17acd5,0.7,20267306,876d44fc92d08ad96caa6d4638f490f440d50c6830f02fe904d90140ad4ef094,False,False,False,False,attempted,0,0,0,0,0,0,False,syntax failure,"DSLSyntaxError: expected end of source at character 7, got '{'",False,,de9dde5047bc260205e352e0e57d5de9ee53d16141b8bee7b2874204604194b3,42faaae3a2d552d323e28f47087691f5ac78e35d42a045a379b5f53ccf19e74f,d32f5e726262154cbbfaa116e8e5b40c76ab6eacf8e73326018232809db60172
audit_07,a2b,design_b,7,llama3.2:3b,a80c4f17acd5,0.7,20267307,3d22fd6e7c5c6be7e382937b60a60c4b3fbdfa769749f16f7f18add36efb929f,False,False,False,False,attempted,0,0,0,0,0,0,False,syntax failure,DSLSyntaxError: unexpected text at character 75: '():',False,,de9dde5047bc260205e352e0e57d5de9ee53d16141b8bee7b2874204604194b3,42faaae3a2d552d323e28f47087691f5ac78e35d42a045a379b5f53ccf19e74f,87a403fa5245217e3b8ba2928945a305c429710269f5d14b04ebd96336b30805
audit_07,a2b,design_b,8,llama3.2:3b,a80c4f17acd5,0.7,20267308,99909afddfc796dbd2feab5df23044a0216ea4a05c612038d14640d740f9f69b,False,False,False,False,attempted,0,0,0,0,0,0,False,syntax failure,"DSLSyntaxError: unexpected text at character 70: ' = """"""'",False,,de9dde5047bc260205e352e0e57d5de9ee53d16141b8bee7b2874204604194b3,42faaae3a2d552d323e28f47087691f5ac78e35d42a045a379b5f53ccf19e74f,8d6265b8aec5263944630c1c128320a3e95ddfac6bf1f6f9a652b86f59af6dc6
audit_07,a2b,design_b,9,llama3.2:3b,a80c4f17acd5,0.7,20267309,74313eac0e0907c514faac3259a90b02982eecbae3916aba513c361c4aa891e7,False,False,False,False,attempted,0,0,0,0,0,0,False,syntax failure,"DSLSyntaxError: expected end of source at character 7, got '{'",False,,de9dde5047bc260205e352e0e57d5de9ee53d16141b8bee7b2874204604194b3,42faaae3a2d552d323e28f47087691f5ac78e35d42a045a379b5f53ccf19e74f,f0bda423ecca014d46eeffb3f81a54a18c8879dbc5ae2bea5350fc4724f185f0
audit_07,a2c,design_c,0,llama3.2:3b,a80c4f17acd5,0.7,20267400,caeb839b9d6adf67bf0046446a81c9ee3a0f227fdb38940281ab80272c13d498,False,False,False,False,attempted,0,0,0,0,0,0,False,syntax failure,"DSLParseError: unexpected character ':' at line 3, column 11",False,,de9dde5047bc260205e352e0e57d5de9ee53d16141b8bee7b2874204604194b3,6b6bd6abd299e8310929e0230cf0ee938f54271e85d170d06ccb95e949e4585a,27a3902b22e4af28e1089a1c7e1497fc26c4e36c2998de17ca87ba70e99b390c
audit_07,a2c,design_c,1,llama3.2:3b,a80c4f17acd5,0.7,20267401,4276e570ea0796884662a51275dca70b8ec58c41dd0e1445a2a71af5c3d07ed4,False,False,False,False,attempted,0,0,0,0,0,0,False,syntax failure,"DSLParseError: unexpected character '=' at line 1, column 6",False,,de9dde5047bc260205e352e0e57d5de9ee53d16141b8bee7b2874204604194b3,6b6bd6abd299e8310929e0230cf0ee938f54271e85d170d06ccb95e949e4585a,85cb50f60a74167471758fef8bc4ff2013d8766585e2b454bac5379470573fc0
audit_07,a2c,design_c,2,llama3.2:3b,a80c4f17acd5,0.7,20267402,023f280339a394a340c16d9aafdb719d25ab170e732c8d8c358dccfad2815c9a,False,False,False,False,attempted,0,0,0,0,0,0,False,syntax failure,"DSLParseError: unexpected character '=' at line 1, column 6",False,,de9dde5047bc260205e352e0e57d5de9ee53d16141b8bee7b2874204604194b3,6b6bd6abd299e8310929e0230cf0ee938f54271e85d170d06ccb95e949e4585a,691ac5174106c6a93c2105f4ef6f1293f2fde44ce474585943b545848481f028
audit_07,a2c,design_c,3,llama3.2:3b,a80c4f17acd5,0.7,20267403,506a7e37429f0db3a827a91b335810f81854b5f062d3d5b039f142df4b0dc548,False,False,False,False,attempted,0,0,0,0,0,0,False,syntax failure,"DSLParseError: unexpected character ':' at line 3, column 39",False,,de9dde5047bc260205e352e0e57d5de9ee53d16141b8bee7b2874204604194b3,6b6bd6abd299e8310929e0230cf0ee938f54271e85d170d06ccb95e949e4585a,d8cd0b269fb506aa62429a68c916df61f9e4116c2d676a7d0734f82560a44dcf
audit_07,a2c,design_c,4,llama3.2:3b,a80c4f17acd5,0.7,20267404,2aae57ec998a412d59ffb2847751d2aa4087b105bbf129e9f6b72e5b64861c9f,False,False,False,False,attempted,0,0,0,0,0,0,False,syntax failure,"DSLParseError: unexpected character ':' at line 3, column 27",False,,de9dde5047bc260205e352e0e57d5de9ee53d16141b8bee7b2874204604194b3,6b6bd6abd299e8310929e0230cf0ee938f54271e85d170d06ccb95e949e4585a,72060a0c3f174f3fc12041c5471342d6d5dfb7206f89f8c7b07936e892f19bd2
audit_07,a2c,design_c,5,llama3.2:3b,a80c4f17acd5,0.7,20267405,3a51557731cbe28b67a4abe3dcb44bea97a7390456de715197ae56111fb497ec,False,False,False,False,attempted,0,0,0,0,0,0,False,syntax failure,"DSLParseError: unexpected character ':' at line 4, column 20",False,,de9dde5047bc260205e352e0e57d5de9ee53d16141b8bee7b2874204604194b3,6b6bd6abd299e8310929e0230cf0ee938f54271e85d170d06ccb95e949e4585a,6837f4ae15e3fac8d6b96246fac886fe4a5c7f2f79de0fdcd727bd09291760b4
audit_07,a2c,design_c,6,llama3.2:3b,a80c4f17acd5,0.7,20267406,63df9d41f705fe309f4ed0bd1a77d60ace7e727bbc69122716dbdc51f3f63964,False,False,False,False,attempted,0,0,0,0,0,0,False,syntax failure,"DSLParseError: unexpected character '=' at line 4, column 15",False,,de9dde5047bc260205e352e0e57d5de9ee53d16141b8bee7b2874204604194b3,6b6bd6abd299e8310929e0230cf0ee938f54271e85d170d06ccb95e949e4585a,2f4c1098f6c98f6b80f7b41af42d8beaf741fec7ed701c7f76483b59fbc65db7
audit_07,a2c,design_c,7,llama3.2:3b,a80c4f17acd5,0.7,20267407,6f92c2edad929a3090e3dd8127b2e319b5caf2eb954e0e870954049634dea6c2,False,False,False,False,attempted,0,0,0,0,0,0,False,syntax failure,"DSLParseError: unexpected character '=' at line 3, column 6",False,,de9dde5047bc260205e352e0e57d5de9ee53d16141b8bee7b2874204604194b3,6b6bd6abd299e8310929e0230cf0ee938f54271e85d170d06ccb95e949e4585a,5cf30171932092abfe9d7ad4565345977995a75d7554980e9c73aeae47931450
audit_07,a2c,design_c,8,llama3.2:3b,a80c4f17acd5,0.7,20267408,9b682389c8c5044ef098bc59d1a34ad091c1adc8f92d4afa1fe55f451260b407,False,False,False,False,attempted,0,0,0,0,0,0,False,syntax failure,"DSLParseError: unexpected character ':' at line 3, column 12",False,,de9dde5047bc260205e352e0e57d5de9ee53d16141b8bee7b2874204604194b3,6b6bd6abd299e8310929e0230cf0ee938f54271e85d170d06ccb95e949e4585a,ee9c57d94ff43bf91813b54e9c5822d12814acec06f6c8c8d4bf0f32dbac99f1
audit_07,a2c,design_c,9,llama3.2:3b,a80c4f17acd5,0.7,20267409,7502f225a142512e6b141c99dd65b3afc0251806d33e4943da5ee74a650fb9ce,False,False,False,False,attempted,0,0,0,0,0,0,False,syntax failure,"DSLParseError: unexpected character ':' at line 3, column 39",False,,de9dde5047bc260205e352e0e57d5de9ee53d16141b8bee7b2874204604194b3,6b6bd6abd299e8310929e0230cf0ee938f54271e85d170d06ccb95e949e4585a,2fa993ebe70b1a02dcb51523fa58400d866b408db7f5970e55c8a556bcd202b4
audit_07,a3,,0,llama3.2:3b,a80c4f17acd5,0.7,20267500,b8cf30df1f41941966aedd7cedb2d03ea3fd75f8fd032724954c9580374b9621,True,True,True,False,attempted,4500,1516,2984,2141,0,2141,False,other semantic error,,False,,de9dde5047bc260205e352e0e57d5de9ee53d16141b8bee7b2874204604194b3,8ddcb63b2c20a3dd56faabfcc25dcdb4c59af48af23fed11b41ef6b3ddac7918,bdc24aa90834d33055703105987aafb4f70bd421293d4f7b6ff4d64068c03865
audit_07,a3,,1,llama3.2:3b,a80c4f17acd5,0.7,20267501,7bf9af4c9e31437519da704d2587a398602f42c1cff48be82748bc173d5364b4,True,False,False,False,attempted,0,0,0,0,0,0,False,runtime error,Exception: Missing C,False,,de9dde5047bc260205e352e0e57d5de9ee53d16141b8bee7b2874204604194b3,8ddcb63b2c20a3dd56faabfcc25dcdb4c59af48af23fed11b41ef6b3ddac7918,0af93d1f6013507d22e72fcf9d82bfa409a7a1f50fc6e0a64141ec5d2495f651
audit_07,a3,,2,llama3.2:3b,a80c4f17acd5,0.7,20267502,b6382db7450cc4f11e96a4b76ba5cef100b48fe374c07d030517215d9fa1407d,True,True,True,False,attempted,4500,1516,2984,1959,0,1959,False,other semantic error,,False,,de9dde5047bc260205e352e0e57d5de9ee53d16141b8bee7b2874204604194b3,8ddcb63b2c20a3dd56faabfcc25dcdb4c59af48af23fed11b41ef6b3ddac7918,38522d46c7fdd9d58baaf0a579e78d9853d0a5f60fa18029285b60b242701dc8
audit_07,a3,,3,llama3.2:3b,a80c4f17acd5,0.7,20267503,2791dd58f27c2fea8f26d3cd12c82958a926d0331fae8454c343e7a9fb7569d8,True,False,False,False,attempted,0,0,0,0,0,0,False,runtime error,IndexError: list index out of range,False,,de9dde5047bc260205e352e0e57d5de9ee53d16141b8bee7b2874204604194b3,8ddcb63b2c20a3dd56faabfcc25dcdb4c59af48af23fed11b41ef6b3ddac7918,88544305bad3809f13c690185dece9cc245726c81b8e50e554683f36e63d726c
audit_07,a3,,4,llama3.2:3b,a80c4f17acd5,0.7,20267504,e70aa0367cf1145ae438b9d0bfdc71489e4edd29d6defc428dfd608258461e80,False,False,False,False,attempted,0,0,0,0,0,0,False,syntax failure,"SyntaxError: invalid syntax (<unknown>, line 1)",False,,de9dde5047bc260205e352e0e57d5de9ee53d16141b8bee7b2874204604194b3,8ddcb63b2c20a3dd56faabfcc25dcdb4c59af48af23fed11b41ef6b3ddac7918,8a88ccd28497211f083dcf81c5415b937129f6c2975aad2d1891abd307a398ce
audit_07,a3,,5,llama3.2:3b,a80c4f17acd5,0.7,20267505,15b1361d91fc1a6a48a5516809c7fd86120d0ff6911ebba13e1ee04722b65c46,True,True,True,False,attempted,4500,1516,2984,1624,0,1624,False,other semantic error,,False,,de9dde5047bc260205e352e0e57d5de9ee53d16141b8bee7b2874204604194b3,8ddcb63b2c20a3dd56faabfcc25dcdb4c59af48af23fed11b41ef6b3ddac7918,30ef5d9f19bf6552d3666707d6b435ac038511573e7ed311b25a0c8d9d5cc89a
audit_07,a3,,6,llama3.2:3b,a80c4f17acd5,0.7,20267506,dd1e267bd697e1e6e51c7046241501267403ac72c80693c68318d4ac51aaed31,True,True,True,False,attempted,4500,1516,2984,1624,0,1624,False,other semantic error,,False,,de9dde5047bc260205e352e0e57d5de9ee53d16141b8bee7b2874204604194b3,8ddcb63b2c20a3dd56faabfcc25dcdb4c59af48af23fed11b41ef6b3ddac7918,a26adf1ec1498d218ae68add379b6127267d138ac5ba0f30d120c4a17836772d
audit_07,a3,,7,llama3.2:3b,a80c4f17acd5,0.7,20267507,62b38f27884893b8e9b1499d0505da8a5ae2a156fa201d02106f213a8cf035b5,True,False,False,False,attempted,0,0,0,0,0,0,False,runtime error,StopIteration: ,False,,de9dde5047bc260205e352e0e57d5de9ee53d16141b8bee7b2874204604194b3,8ddcb63b2c20a3dd56faabfcc25dcdb4c59af48af23fed11b41ef6b3ddac7918,c03be2c62b2e9e5128cff86d29710491233ce0a6d5c8272459a2bcd227d4bf84
audit_07,a3,,8,llama3.2:3b,a80c4f17acd5,0.7,20267508,4163b0dd578d4a464716e5379ff213adfa09dfc27ddceda71e38f611d0c38f2e,True,True,True,False,attempted,4500,1516,2984,1624,0,1624,False,other semantic error,,False,,de9dde5047bc260205e352e0e57d5de9ee53d16141b8bee7b2874204604194b3,8ddcb63b2c20a3dd56faabfcc25dcdb4c59af48af23fed11b41ef6b3ddac7918,dc56284d1e4590f8e4338b5035ec824489d680bc0d4a736b5aceaeaa353ccf00
audit_07,a3,,9,llama3.2:3b,a80c4f17acd5,0.7,20267509,6619115527fae4fff42b58baa1d42c4863f89032c69781f3d6f905b61acf931d,True,True,True,False,attempted,4500,1516,2984,2130,0,2130,False,other semantic error,,False,,de9dde5047bc260205e352e0e57d5de9ee53d16141b8bee7b2874204604194b3,8ddcb63b2c20a3dd56faabfcc25dcdb4c59af48af23fed11b41ef6b3ddac7918,81df0fd5cf3618816635bc4d9b3fd14733d0eb75702d956755a5822dbafe9bb5
audit_08,a1,,0,llama3.2:3b,a80c4f17acd5,0.7,20268100,04cddacd253364ab1aed3ad45f624b4a49b5ef9840fded35c7b670bd55c6c218,False,False,False,False,attempted,0,0,0,0,0,0,False,syntax failure,FormulaSyntaxError: unexpected character at offset 23,False,,de9dde5047bc260205e352e0e57d5de9ee53d16141b8bee7b2874204604194b3,c79f8326378decc5f3d95cb8775c18f44cc1f300996456bededd7e572d7aa5aa,26b2346031366acd34dbe30579db799aa7482c057abda2d17b5ce0ac73309009
audit_08,a1,,1,llama3.2:3b,a80c4f17acd5,0.7,20268101,5236a0501b91cbf43394e1aef5b6c064e128583516c0c95c155509fcabdf457b,False,False,False,False,attempted,0,0,0,0,0,0,False,syntax failure,FormulaSyntaxError: unexpected character at offset 18,False,,de9dde5047bc260205e352e0e57d5de9ee53d16141b8bee7b2874204604194b3,c79f8326378decc5f3d95cb8775c18f44cc1f300996456bededd7e572d7aa5aa,1800dd3aa3827b0605c0265cfb9fc96ec2a121b1d268b9b6463100bab44e8074
audit_08,a1,,2,llama3.2:3b,a80c4f17acd5,0.7,20268102,c69dc2ae17c44edd3ed5f83ff4a17e5900fdbc29c4bc1b7d7012c72d35197dbf,False,False,False,False,attempted,0,0,0,0,0,0,False,syntax failure,FormulaSyntaxError: unexpected character at offset 26,False,,de9dde5047bc260205e352e0e57d5de9ee53d16141b8bee7b2874204604194b3,c79f8326378decc5f3d95cb8775c18f44cc1f300996456bededd7e572d7aa5aa,eebb5e227812a5bac0ea41e9d294245e0c29061b2f3a317eebdbc992c5e27bf5
audit_08,a1,,3,llama3.2:3b,a80c4f17acd5,0.7,20268103,8128b37116443e95a946b65535763bede7644c476d52df29e70db821b88fc3e2,False,False,False,False,attempted,0,0,0,0,0,0,False,syntax failure,FormulaSyntaxError: unexpected character at offset 9,False,,de9dde5047bc260205e352e0e57d5de9ee53d16141b8bee7b2874204604194b3,c79f8326378decc5f3d95cb8775c18f44cc1f300996456bededd7e572d7aa5aa,dfb7ee2d0b5bfd5e1fc6f5f59780379202e7d66b3252105bcdaabed85b9d7514
audit_08,a1,,4,llama3.2:3b,a80c4f17acd5,0.7,20268104,ec71df662a84fddb6ba4294175494f243ca1301d231cb4588cdf7a34d1b517d6,False,False,False,False,attempted,0,0,0,0,0,0,False,syntax failure,FormulaSyntaxError: unexpected character at offset 19,False,,de9dde5047bc260205e352e0e57d5de9ee53d16141b8bee7b2874204604194b3,c79f8326378decc5f3d95cb8775c18f44cc1f300996456bededd7e572d7aa5aa,ae7df0c375703b5563cf166f3a4f100595e3b8a860b9581542c19d37cb87ca45
audit_08,a1,,5,llama3.2:3b,a80c4f17acd5,0.7,20268105,5a1cdaf25d7c1d99f731fcaee6d25e46023fefa93e342edb2708ef94cec4e290,False,False,False,False,attempted,0,0,0,0,0,0,False,syntax failure,FormulaSyntaxError: unexpected character at offset 0,False,,de9dde5047bc260205e352e0e57d5de9ee53d16141b8bee7b2874204604194b3,c79f8326378decc5f3d95cb8775c18f44cc1f300996456bededd7e572d7aa5aa,a792d40f3e44d5766cd9e56395d4b405a268decd0d770502454e51fa397d0c82
audit_08,a1,,6,llama3.2:3b,a80c4f17acd5,0.7,20268106,777cdeedb66fd57c10565ccf4539d7d4059a17b0f84649b8bcdca21bcd2d2068,False,False,False,False,attempted,0,0,0,0,0,0,False,syntax failure,FormulaSyntaxError: unexpected character at offset 0,False,,de9dde5047bc260205e352e0e57d5de9ee53d16141b8bee7b2874204604194b3,c79f8326378decc5f3d95cb8775c18f44cc1f300996456bededd7e572d7aa5aa,84fea4bf45036c006aa85500f974b822c0884682058b3629882ec73d2d97eb80
audit_08,a1,,7,llama3.2:3b,a80c4f17acd5,0.7,20268107,d14758db2562292c035df91f64d5fe5b02d571445d61eb80f6bc33195210b964,False,False,False,False,attempted,0,0,0,0,0,0,False,syntax failure,FormulaSyntaxError: unexpected character at offset 27,False,,de9dde5047bc260205e352e0e57d5de9ee53d16141b8bee7b2874204604194b3,c79f8326378decc5f3d95cb8775c18f44cc1f300996456bededd7e572d7aa5aa,9a4a822cdc7b22278ff9697d99e740e3554da28f500e23152e8268e03b2b5078
audit_08,a1,,8,llama3.2:3b,a80c4f17acd5,0.7,20268108,1e97ab2c8d391732905f8f9a3ccd6e9bc7963a20a3438356698e62d6fc30e046,False,False,False,False,attempted,0,0,0,0,0,0,False,syntax failure,FormulaSyntaxError: unexpected character at offset 23,False,,de9dde5047bc260205e352e0e57d5de9ee53d16141b8bee7b2874204604194b3,c79f8326378decc5f3d95cb8775c18f44cc1f300996456bededd7e572d7aa5aa,fae518cf44b94c7806029eb75ef3f0b8316bc8153fb7896750c40a6b5491961c
audit_08,a1,,9,llama3.2:3b,a80c4f17acd5,0.7,20268109,4d850ae7a9680a6bda726df7a33cf4bce3d67257e699f34044f5fed8eada28a8,False,False,False,False,attempted,0,0,0,0,0,0,False,syntax failure,FormulaSyntaxError: unexpected character at offset 31,False,,de9dde5047bc260205e352e0e57d5de9ee53d16141b8bee7b2874204604194b3,c79f8326378decc5f3d95cb8775c18f44cc1f300996456bededd7e572d7aa5aa,e752f2df225a868f76a179c69f9abb3f7c4bcfe46be99c5dce2a8d11ec7a10ac
audit_08,a2a,design_a,0,llama3.2:3b,a80c4f17acd5,0.7,20268200,5f112a02f8255e35b3e49eb24fba3e2acda4ec20801dd22fdc954a856dac7a7c,False,False,False,False,attempted,0,0,0,0,0,0,False,syntax failure,"DSLParseError: expected '(' to start a task construct at line 1, column 1",False,,de9dde5047bc260205e352e0e57d5de9ee53d16141b8bee7b2874204604194b3,0d58bcfda8d9d934bf2f005b76e2f653f0626e041fd89536574a1e952201f432,b845acfe72ac987e8b67e8bc984bac096a511829de6e7a04bb0053e577002591
audit_08,a2a,design_a,1,llama3.2:3b,a80c4f17acd5,0.7,20268201,085c18dd0ba17cb17738cc387901d2096a1aa828ede774f4c018fa95a9af1e46,False,False,False,False,attempted,0,0,0,0,0,0,False,syntax failure,"DSLParseError: expected '(' to start a task construct at line 1, column 1",False,,de9dde5047bc260205e352e0e57d5de9ee53d16141b8bee7b2874204604194b3,0d58bcfda8d9d934bf2f005b76e2f653f0626e041fd89536574a1e952201f432,9f6ff6540fd82ee029d5355b187fae5a53324f4a50dc9ed44780cd0b284e9b1d
audit_08,a2a,design_a,2,llama3.2:3b,a80c4f17acd5,0.7,20268202,b9bcf6065b2be0f0921033e71a1c66b63e2cc129434ce6688e8fc367f841f67b,False,False,False,False,attempted,0,0,0,0,0,0,False,syntax failure,"DSLParseError: expected '(' to start a task construct at line 1, column 1",False,,de9dde5047bc260205e352e0e57d5de9ee53d16141b8bee7b2874204604194b3,0d58bcfda8d9d934bf2f005b76e2f653f0626e041fd89536574a1e952201f432,b31ceca82e6471fe6bbe6e67a0c418d3f22670d0cd6a70d7ac2e4759c4767cc3
audit_08,a2a,design_a,3,llama3.2:3b,a80c4f17acd5,0.7,20268203,caf8a22f341ad587884514a4be0e4536582e300ee4edec126876cae9435de13d,False,False,False,False,attempted,0,0,0,0,0,0,False,syntax failure,"DSLParseError: expected '(' to start a task construct at line 1, column 1",False,,de9dde5047bc260205e352e0e57d5de9ee53d16141b8bee7b2874204604194b3,0d58bcfda8d9d934bf2f005b76e2f653f0626e041fd89536574a1e952201f432,bae7be1251180a10eee69fe9141de00c683f6a936b1d38fb221a2a58e6a22f34
audit_08,a2a,design_a,4,llama3.2:3b,a80c4f17acd5,0.7,20268204,36beef47cce168b670aa553b40aa0f3a84ac4faa8d7c607442f513607052b6fb,False,False,False,False,attempted,0,0,0,0,0,0,False,syntax failure,"DSLParseError: too many arguments to 'eventually' at line 1, column 15",False,,de9dde5047bc260205e352e0e57d5de9ee53d16141b8bee7b2874204604194b3,0d58bcfda8d9d934bf2f005b76e2f653f0626e041fd89536574a1e952201f432,9210221c0dd7ef48726a5fd481bf22156a2aa1693061e720c18b63b234c1038d
audit_08,a2a,design_a,5,llama3.2:3b,a80c4f17acd5,0.7,20268205,40be9d7d7759034ffcbb005feac64c8d203a34fde31a1239fcf2c15be2765a09,False,False,False,False,attempted,0,0,0,0,0,0,False,syntax failure,"DSLParseError: expected '(' to start a task construct at line 1, column 1",False,,de9dde5047bc260205e352e0e57d5de9ee53d16141b8bee7b2874204604194b3,0d58bcfda8d9d934bf2f005b76e2f653f0626e041fd89536574a1e952201f432,7286d1f086023aa935461d60fb7ea8ac468ba5f25e21b915c32aa14adcb2dd1d
audit_08,a2a,design_a,6,llama3.2:3b,a80c4f17acd5,0.7,20268206,fbc749c8f3d6b6f277a1a660e8cf97849881fa2eefc9484eb37d4aea169765cc,False,False,False,False,attempted,0,0,0,0,0,0,False,syntax failure,"DSLParseError: expected '(' to start a task construct at line 1, column 1",False,,de9dde5047bc260205e352e0e57d5de9ee53d16141b8bee7b2874204604194b3,0d58bcfda8d9d934bf2f005b76e2f653f0626e041fd89536574a1e952201f432,a7b04011a234c23042658e83dfd4c094637f5ced98854469e02cf37243fb86fe
audit_08,a2a,design_a,7,llama3.2:3b,a80c4f17acd5,0.7,20268207,b24ea30b76da5965fd2f8236e7402faaea6574457d6191496d2f679336725b52,False,False,False,False,attempted,0,0,0,0,0,0,False,syntax failure,"DSLParseError: expected '(' to start a task construct at line 1, column 1",False,,de9dde5047bc260205e352e0e57d5de9ee53d16141b8bee7b2874204604194b3,0d58bcfda8d9d934bf2f005b76e2f653f0626e041fd89536574a1e952201f432,fcb8a0d24ccc297c1f6a01390fe5f141db2d11e8ec987a5844e6057ad632382d
audit_08,a2a,design_a,8,llama3.2:3b,a80c4f17acd5,0.7,20268208,9173864396ad23665fc8e2a0e5dd14d3eef623583bbc6074833fcd612ef1a869,False,False,False,False,attempted,0,0,0,0,0,0,False,syntax failure,"DSLParseError: expected '(' to start a task construct at line 1, column 1",False,,de9dde5047bc260205e352e0e57d5de9ee53d16141b8bee7b2874204604194b3,0d58bcfda8d9d934bf2f005b76e2f653f0626e041fd89536574a1e952201f432,5802af847ccf98915ebc2b8afba48b79cb0d5b0ef63fb49cd5dd4027b2ac724b
audit_08,a2a,design_a,9,llama3.2:3b,a80c4f17acd5,0.7,20268209,9b97136d39c722f7a3b87eb118a4be0bbbc43185c78ce8c4db5bafb3c7cd1ee6,False,False,False,False,attempted,0,0,0,0,0,0,False,syntax failure,"DSLParseError: expected '(' to start a task construct at line 1, column 1",False,,de9dde5047bc260205e352e0e57d5de9ee53d16141b8bee7b2874204604194b3,0d58bcfda8d9d934bf2f005b76e2f653f0626e041fd89536574a1e952201f432,d5bc4cd53f59714565a5dcc2c26a3c6bf55a697ba82e5fcb60f6a7ed25df7925
audit_08,a2b,design_b,0,llama3.2:3b,a80c4f17acd5,0.7,20268300,d1b82c156479398b96e73a183a35a7cfc9e1f819a01aacae8b5e7b2173636125,False,False,False,False,attempted,0,0,0,0,0,0,False,syntax failure,DSLSyntaxError: unexpected text at character 0: '```python',False,,de9dde5047bc260205e352e0e57d5de9ee53d16141b8bee7b2874204604194b3,ea84691d5094e184c83f79bae17838a6a4a56da0cc4a1b6a52b57f5d967beb76,581b8fcdd977bc31da2079d83c567c7a399c7f380ccc5636f9d71274ba0f37ef
audit_08,a2b,design_b,1,llama3.2:3b,a80c4f17acd5,0.7,20268301,27e9cd053fedfbc85931ee7b242ad76d45805756efe3687d271b948e02fa9753,False,False,False,False,attempted,0,0,0,0,0,0,False,syntax failure,"DSLSyntaxError: unexpected text at character 71: ' = """"""'",False,,de9dde5047bc260205e352e0e57d5de9ee53d16141b8bee7b2874204604194b3,ea84691d5094e184c83f79bae17838a6a4a56da0cc4a1b6a52b57f5d967beb76,4d687f8f8f2244555a4d39f950bb5d49566eb33e1b195e4318bf3f97677d4e72
audit_08,a2b,design_b,2,llama3.2:3b,a80c4f17acd5,0.7,20268302,be8b7eb16a0c4f88d7e0ed7c1cd24efe906309547756d8d0507e7f4586230643,False,False,False,False,attempted,0,0,0,0,0,0,False,syntax failure,DSLSyntaxError: unexpected text at character 75: '(source):',False,,de9dde5047bc260205e352e0e57d5de9ee53d16141b8bee7b2874204604194b3,ea84691d5094e184c83f79bae17838a6a4a56da0cc4a1b6a52b57f5d967beb76,e210d6b2eca1d46eabbbc7a9982f85ca6ead41fde29024a06a462d94a8330c51
audit_08,a2b,design_b,3,llama3.2:3b,a80c4f17acd5,0.7,20268303,d5eb56f9735c85f1c2ea8436af5ca836431a13bf58e15238b2a079e131b42746,False,False,False,False,attempted,0,0,0,0,0,0,False,syntax failure,"DSLSyntaxError: expected end of source at character 7, got '{'",False,,de9dde5047bc260205e352e0e57d5de9ee53d16141b8bee7b2874204604194b3,ea84691d5094e184c83f79bae17838a6a4a56da0cc4a1b6a52b57f5d967beb76,b8ea6c8be25ed2644bd8a0f905bc96bc135e3c4aff40eadf9fba84cab07a3b49
audit_08,a2b,design_b,4,llama3.2:3b,a80c4f17acd5,0.7,20268304,a48dea22ca2c3621cf0b2e793d23e6ce75844505dabd0bb8ee07f10ca024b629,False,False,False,False,attempted,0,0,0,0,0,0,False,syntax failure,"DSLSyntaxError: expected end of source at character 7, got '{'",False,,de9dde5047bc260205e352e0e57d5de9ee53d16141b8bee7b2874204604194b3,ea84691d5094e184c83f79bae17838a6a4a56da0cc4a1b6a52b57f5d967beb76,6c92efe1337e1cedba8bebafb7c308e1b87d75a78354bc92311d432984a23ba2
audit_08,a2b,design_b,5,llama3.2:3b,a80c4f17acd5,0.7,20268305,56a901de8d0d76c7e65373477b6f1e30da4dab4e01716e370b471ebb3c360825,False,False,False,False,attempted,0,0,0,0,0,0,False,syntax failure,"DSLSyntaxError: expected end of source at character 7, got '{'",False,,de9dde5047bc260205e352e0e57d5de9ee53d16141b8bee7b2874204604194b3,ea84691d5094e184c83f79bae17838a6a4a56da0cc4a1b6a52b57f5d967beb76,69bcdfabfb5a3550aa3a8fa6611831d53b2f47315abd46223daa5525dce1b12a
audit_08,a2b,design_b,6,llama3.2:3b,a80c4f17acd5,0.7,20268306,4c6933249b28cc094c8b7d26da08b42aa8ffe9d5f2aeb26740a15234f0bfe0d7,False,False,False,False,attempted,0,0,0,0,0,0,False,syntax failure,"DSLSyntaxError: unexpected text at character 71: ' = """"""'",False,,de9dde5047bc260205e352e0e57d5de9ee53d16141b8bee7b2874204604194b3,ea84691d5094e184c83f79bae17838a6a4a56da0cc4a1b6a52b57f5d967beb76,3e59222b3a7363d28b15932df16562ddc2eb6973562b07395cbae304dbeb6f3f
audit_08,a2b,design_b,7,llama3.2:3b,a80c4f17acd5,0.7,20268307,039e4b2a7228b822ca097eb2b33ad5fafafc6b82b5b370503ba609d8a87f47de,False,False,False,False,attempted,0,0,0,0,0,0,False,syntax failure,"DSLSyntaxError: unexpected text at character 71: ' = """"""'",False,,de9dde5047bc260205e352e0e57d5de9ee53d16141b8bee7b2874204604194b3,ea84691d5094e184c83f79bae17838a6a4a56da0cc4a1b6a52b57f5d967beb76,df58a00d3e286fe0dd95eaa293669713317ae4aeedc12c39b610a8b475451748
audit_08,a2b,design_b,8,llama3.2:3b,a80c4f17acd5,0.7,20268308,0668d9a622ab4cd9d334d9bcb0ac070e4632afcf935be0d51fa29161f1884399,False,False,False,False,attempted,0,0,0,0,0,0,False,syntax failure,"DSLSyntaxError: expected end of source at character 7, got 'after'",False,,de9dde5047bc260205e352e0e57d5de9ee53d16141b8bee7b2874204604194b3,ea84691d5094e184c83f79bae17838a6a4a56da0cc4a1b6a52b57f5d967beb76,4ef438d2563319ecf8d2f60400718e3880df0a2ba4db33d24722198ed1666a36
audit_08,a2b,design_b,9,llama3.2:3b,a80c4f17acd5,0.7,20268309,92c1b2f4ee7aae6323d454ba90cf1543cc450b0efa677dd91ac897eb4e528f33,False,False,False,False,attempted,0,0,0,0,0,0,False,syntax failure,"DSLSyntaxError: expected end of source at character 7, got '{'",False,,de9dde5047bc260205e352e0e57d5de9ee53d16141b8bee7b2874204604194b3,ea84691d5094e184c83f79bae17838a6a4a56da0cc4a1b6a52b57f5d967beb76,c732b67f86b75d73310f7356ec6117a431a63250f902b6b272965ed49c74a217
audit_08,a2c,design_c,0,llama3.2:3b,a80c4f17acd5,0.7,20268400,70aaac33918458756a7a56def82fdaf52c681a633f26b9094df44e8c414991fe,False,False,False,False,attempted,0,0,0,0,0,0,False,syntax failure,"DSLParseError: unexpected character ':' at line 1, column 6",False,,de9dde5047bc260205e352e0e57d5de9ee53d16141b8bee7b2874204604194b3,1565536217a34c34f33c2043b843dd65fa40d5f4e3c76ee5abb532b2076f7243,0e11255e10d3cc6a7e0c4a4fd009ea3bff9e655f8213b0362731c985f832b0fc
audit_08,a2c,design_c,1,llama3.2:3b,a80c4f17acd5,0.7,20268401,ae6914be39607c0b267ef37fa9eaba4c08ea295eb588b340cfaf76e9aafd72a9,False,False,False,False,attempted,0,0,0,0,0,0,False,syntax failure,"DSLParseError: unexpected character ':' at line 1, column 31",False,,de9dde5047bc260205e352e0e57d5de9ee53d16141b8bee7b2874204604194b3,1565536217a34c34f33c2043b843dd65fa40d5f4e3c76ee5abb532b2076f7243,a3e84005583ef83ec896d2c0465ef2a1fa19b6606d271b2a816e049a3d3842c2
audit_08,a2c,design_c,2,llama3.2:3b,a80c4f17acd5,0.7,20268402,426607c604d348137c1cdf01cfa2a28eb5aab84a859a39c1a10902e9f5ec1267,False,False,False,False,attempted,0,0,0,0,0,0,False,syntax failure,"DSLParseError: unexpected character '{' at line 1, column 1",False,,de9dde5047bc260205e352e0e57d5de9ee53d16141b8bee7b2874204604194b3,1565536217a34c34f33c2043b843dd65fa40d5f4e3c76ee5abb532b2076f7243,6c9705ba8d6d5933394e012b7243d379292f40ae1a0fdc691a23c18b2ff8fb8e
audit_08,a2c,design_c,3,llama3.2:3b,a80c4f17acd5,0.7,20268403,cec378ad05046ca352f25704c0998a5e24026ededaed196edd76c32f613e86dd,False,False,False,False,attempted,0,0,0,0,0,0,False,syntax failure,"DSLParseError: unexpected character '=' at line 3, column 6",False,,de9dde5047bc260205e352e0e57d5de9ee53d16141b8bee7b2874204604194b3,1565536217a34c34f33c2043b843dd65fa40d5f4e3c76ee5abb532b2076f7243,f97dee947e2f96392ef29c87e105afecc8f4e27502d3c202e9434ff59d06193f
audit_08,a2c,design_c,4,llama3.2:3b,a80c4f17acd5,0.7,20268404,fde4be74ad1824e2eed7b1aee2da88e57c07b6f395e3600047e70c6761b747f9,False,False,False,False,attempted,0,0,0,0,0,0,False,syntax failure,"DSLParseError: unexpected character ':' at line 1, column 23",False,,de9dde5047bc260205e352e0e57d5de9ee53d16141b8bee7b2874204604194b3,1565536217a34c34f33c2043b843dd65fa40d5f4e3c76ee5abb532b2076f7243,ef3fb1c66c0e7bcfcf671d2f699c1d14bab61931176e277cb55eef4e6b5f081f
audit_08,a2c,design_c,5,llama3.2:3b,a80c4f17acd5,0.7,20268405,1e39fcf6c3a238bc12b3677f4cafb1df9a517bc8a39a120fa06936fc7d54c87e,False,False,False,False,attempted,0,0,0,0,0,0,False,syntax failure,"DSLParseError: unexpected character '{' at line 1, column 1",False,,de9dde5047bc260205e352e0e57d5de9ee53d16141b8bee7b2874204604194b3,1565536217a34c34f33c2043b843dd65fa40d5f4e3c76ee5abb532b2076f7243,c95de2c75b74f05654a88a00e6ca052ee962ef92e3de5bd0bf8d32b6476137e2
audit_08,a2c,design_c,6,llama3.2:3b,a80c4f17acd5,0.7,20268406,f46d9a1aea80541965c8b7bdc1f76895dbd2b64af37d9660fef654268076f01d,False,False,False,False,attempted,0,0,0,0,0,0,False,syntax failure,"DSLParseError: unexpected character ':' at line 3, column 11",False,,de9dde5047bc260205e352e0e57d5de9ee53d16141b8bee7b2874204604194b3,1565536217a34c34f33c2043b843dd65fa40d5f4e3c76ee5abb532b2076f7243,d0f531323235a6735089e87fa4154a8b643ba3a3070963aaa5e5e385657740dc
audit_08,a2c,design_c,7,llama3.2:3b,a80c4f17acd5,0.7,20268407,e1cd524f86a3858a7f660e8c3258483463a9955fa0aed5e874c90a86a2071dee,False,False,False,False,attempted,0,0,0,0,0,0,False,syntax failure,"DSLParseError: unexpected trailing token 'after_each' at line 1, column 10",False,,de9dde5047bc260205e352e0e57d5de9ee53d16141b8bee7b2874204604194b3,1565536217a34c34f33c2043b843dd65fa40d5f4e3c76ee5abb532b2076f7243,171b9c0d38090287a4d3efb7ee8cf7e0c1ea678f4b61b47e7ea5d0c5313ce6cd
audit_08,a2c,design_c,8,llama3.2:3b,a80c4f17acd5,0.7,20268408,702847b5c4ccf4d116e1fa62b2c148d54329b6457a652417b8edb55def7e6e80,False,False,False,False,attempted,0,0,0,0,0,0,False,syntax failure,"DSLParseError: unexpected character ':' at line 1, column 23",False,,de9dde5047bc260205e352e0e57d5de9ee53d16141b8bee7b2874204604194b3,1565536217a34c34f33c2043b843dd65fa40d5f4e3c76ee5abb532b2076f7243,5b815fc00fe7f25278731923ef900cf4943a6cea97bb5cc80949ff49c5bc3e6d
audit_08,a2c,design_c,9,llama3.2:3b,a80c4f17acd5,0.7,20268409,3fcfdc71a84bef133139ae84dd64dfafd678f2ddfa91e612d226e1321fc1a139,False,False,False,False,attempted,0,0,0,0,0,0,False,syntax failure,"DSLParseError: unexpected character '=' at line 3, column 6",False,,de9dde5047bc260205e352e0e57d5de9ee53d16141b8bee7b2874204604194b3,1565536217a34c34f33c2043b843dd65fa40d5f4e3c76ee5abb532b2076f7243,5fef01fbb1fa516ccb9e82716d71d1080679adb5f77d5896d74e54259f5003e1
audit_08,a3,,0,llama3.2:3b,a80c4f17acd5,0.7,20268500,60ca609d6826035aed63cd9ec0ef78bee67bc8ccbe8507818e6efcf9ba4ad77a,False,False,False,False,attempted,0,0,0,0,0,0,False,syntax failure,"SyntaxError: invalid syntax (<unknown>, line 5)",False,,de9dde5047bc260205e352e0e57d5de9ee53d16141b8bee7b2874204604194b3,4ddb1900af1269d1dc147536e35e8a3e737589e8215a2b3682c5721fca2462b9,ed5c8f388356ee2ab2a8e6bc7ff42b4ee1cff62739c2f4132a49136050d3a9ca
audit_08,a3,,1,llama3.2:3b,a80c4f17acd5,0.7,20268501,f8cccbc7e165aa2af4caed866fd2d8d5bb3f08d2dfa582d0f5ea7b7dccdcd277,True,False,False,False,attempted,0,0,0,0,0,0,False,runtime error,ValueError: Invalid A offset,False,,de9dde5047bc260205e352e0e57d5de9ee53d16141b8bee7b2874204604194b3,4ddb1900af1269d1dc147536e35e8a3e737589e8215a2b3682c5721fca2462b9,e766e6d22f373ab72fede2cc9831e0e7062e40d6e8f013b6e51112dd58b50130
audit_08,a3,,2,llama3.2:3b,a80c4f17acd5,0.7,20268502,98758abb528d536c383eb2a3caa58279c7e267d39174c47a668679991e50d9c4,True,False,False,False,attempted,0,0,0,0,0,0,False,runtime error,ValueError: disallowed Python construct: Import,False,,de9dde5047bc260205e352e0e57d5de9ee53d16141b8bee7b2874204604194b3,4ddb1900af1269d1dc147536e35e8a3e737589e8215a2b3682c5721fca2462b9,d1d3e894df2ab86499cfa89a635db17c9e5b76aa38e28689115eab9484c755fd
audit_08,a3,,3,llama3.2:3b,a80c4f17acd5,0.7,20268503,b3d3fb2d1c1fbac4d101f78df6c4405351b78802dab03ffd6e7080bb8d9df4d6,True,True,True,False,attempted,4500,1510,2990,0,1510,1510,False,other semantic error,,False,,de9dde5047bc260205e352e0e57d5de9ee53d16141b8bee7b2874204604194b3,4ddb1900af1269d1dc147536e35e8a3e737589e8215a2b3682c5721fca2462b9,8a301a0b431b1d9de8ab1b477755df035a76a360adbaa1ead6aeb6b9f763d88c
audit_08,a3,,4,llama3.2:3b,a80c4f17acd5,0.7,20268504,828bbe36f51023a1202668ceb0c6af1d172e8d602149a9a613217ba69f4a34bb,True,True,True,False,attempted,4500,1510,2990,0,1510,1510,False,other semantic error,,False,,de9dde5047bc260205e352e0e57d5de9ee53d16141b8bee7b2874204604194b3,4ddb1900af1269d1dc147536e35e8a3e737589e8215a2b3682c5721fca2462b9,8c43fab6aa761decd7ae6a3bee1e00dc5350abf6671b46c40dd9455fd9841ab9
audit_08,a3,,5,llama3.2:3b,a80c4f17acd5,0.7,20268505,11d635ddfea677aacb1438d9c6c6495c09f6c88c795f4f6c825ec07e1d11d8d4,True,True,True,False,attempted,4500,1510,2990,0,1510,1510,False,other semantic error,,False,,de9dde5047bc260205e352e0e57d5de9ee53d16141b8bee7b2874204604194b3,4ddb1900af1269d1dc147536e35e8a3e737589e8215a2b3682c5721fca2462b9,13eab09de3fa2991445e3e4c34f120bab9ab07407a5b197e06f40cd8e646ca0b
audit_08,a3,,6,llama3.2:3b,a80c4f17acd5,0.7,20268506,666e73560a7312b35e40028d806c46a65ceaf06057ba71e5f496fb9c1ec70866,True,False,False,False,attempted,0,0,0,0,0,0,False,runtime error,AttributeError: 'Monitor' object has no attribute 'last_D',False,,de9dde5047bc260205e352e0e57d5de9ee53d16141b8bee7b2874204604194b3,4ddb1900af1269d1dc147536e35e8a3e737589e8215a2b3682c5721fca2462b9,0b90fe686d004cad0271ac9ebea8b19449da62a60bd89ebff3cff5514e36d19c
audit_08,a3,,7,llama3.2:3b,a80c4f17acd5,0.7,20268507,fc8411687ec069fecab0676bb9b3ea1718960224701ebfa0a39f56af71370b0a,True,True,True,False,attempted,4500,1510,2990,0,1510,1510,False,other semantic error,,False,,de9dde5047bc260205e352e0e57d5de9ee53d16141b8bee7b2874204604194b3,4ddb1900af1269d1dc147536e35e8a3e737589e8215a2b3682c5721fca2462b9,e615ef167b5a15135b378dfed312698025a2eadf2923bf69222b2cc09ef38660
audit_08,a3,,8,llama3.2:3b,a80c4f17acd5,0.7,20268508,3875d50404655b67a0f9ed8e8ad2333c9151ffd6e6cf7cc86c7b44aa0b568e34,True,False,False,False,attempted,0,0,0,0,0,0,False,runtime error,AttributeError: 'Monitor' object has no attribute 'd_offset',False,,de9dde5047bc260205e352e0e57d5de9ee53d16141b8bee7b2874204604194b3,4ddb1900af1269d1dc147536e35e8a3e737589e8215a2b3682c5721fca2462b9,e47d45fc2cf0105effbfc3deb3de33de8c8d09f297f89bf14569b396beb7de2a
audit_08,a3,,9,llama3.2:3b,a80c4f17acd5,0.7,20268509,77b26b743eba634d76e951c5034ebe6716742c61082010ecdd6ed9577b035744,True,True,True,False,attempted,4500,1510,2990,2176,0,2176,False,other semantic error,,False,,de9dde5047bc260205e352e0e57d5de9ee53d16141b8bee7b2874204604194b3,4ddb1900af1269d1dc147536e35e8a3e737589e8215a2b3682c5721fca2462b9,cdb9ec659c7c4a244b4d3065a2d177414b0ccf952a9305243781fc041d673398
audit_09,a1,,0,llama3.2:3b,a80c4f17acd5,0.7,20269100,6d545bbb94946a0a3d0830986e32d1c4409de8a161db3e396f4ca94f32865fc6,True,True,True,False,attempted,4500,1636,2864,0,1636,1636,False,other semantic error,,False,,de9dde5047bc260205e352e0e57d5de9ee53d16141b8bee7b2874204604194b3,9a4247d64440d223be088ccfb2dd3e47c07e346e26fc6f39e0571fa3f15284b1,9ed4763049d0733e0336703d6631aa36bd0024fe1e411e0f9b891431769174c1
audit_09,a1,,1,llama3.2:3b,a80c4f17acd5,0.7,20269101,3559d28548b39298faeccc9f43c2227518bf33ce9209e82ae213e6c3692aec4b,False,False,False,False,attempted,0,0,0,0,0,0,False,syntax failure,FormulaSyntaxError: unexpected character at offset 4,False,,de9dde5047bc260205e352e0e57d5de9ee53d16141b8bee7b2874204604194b3,9a4247d64440d223be088ccfb2dd3e47c07e346e26fc6f39e0571fa3f15284b1,bb4ba6e48a56711cdca6ca2e8579c0df2a5d6471cc704128b0aabb445606bcc0
audit_09,a1,,2,llama3.2:3b,a80c4f17acd5,0.7,20269102,d2aacf7867b9f43c8de4f96148e3160660c33e81b91312850876a501953c268d,False,False,False,False,attempted,0,0,0,0,0,0,False,syntax failure,FormulaSyntaxError: unexpected character at offset 11,False,,de9dde5047bc260205e352e0e57d5de9ee53d16141b8bee7b2874204604194b3,9a4247d64440d223be088ccfb2dd3e47c07e346e26fc6f39e0571fa3f15284b1,97a85ea4d330a36dbebef6a50e14203f9b31db4d302949ad8e6d9c339a927b34
audit_09,a1,,3,llama3.2:3b,a80c4f17acd5,0.7,20269103,3d9621d976e535f0c5ec5a572a1d8a623712b0ec42f76a24fdfbc2c65d7767a2,False,False,False,False,attempted,0,0,0,0,0,0,False,syntax failure,FormulaSyntaxError: unexpected token 'at_A',False,,de9dde5047bc260205e352e0e57d5de9ee53d16141b8bee7b2874204604194b3,9a4247d64440d223be088ccfb2dd3e47c07e346e26fc6f39e0571fa3f15284b1,763cde1c63bdda17b2dc4f1da4a848b8dc314c6feaf1addc525d452cd9a2601f
audit_09,a1,,4,llama3.2:3b,a80c4f17acd5,0.7,20269104,24d0b25cd1e4b879128fd9148cf90ff717b4fbc0cfbd0a56d7f20e1e15d7fb57,False,False,False,False,attempted,0,0,0,0,0,0,False,syntax failure,FormulaSyntaxError: unexpected character at offset 65,False,,de9dde5047bc260205e352e0e57d5de9ee53d16141b8bee7b2874204604194b3,9a4247d64440d223be088ccfb2dd3e47c07e346e26fc6f39e0571fa3f15284b1,3b42d92122d2213cdc1491def89ca33737196d0ca01ee6971bd9e2b9eda345ce
audit_09,a1,,5,llama3.2:3b,a80c4f17acd5,0.7,20269105,79778783db71009b1192a2b5b391012c6dc70560c790657e2a7e296f7876d3b6,False,False,False,False,attempted,0,0,0,0,0,0,False,syntax failure,FormulaSyntaxError: unexpected character at offset 28,False,,de9dde5047bc260205e352e0e57d5de9ee53d16141b8bee7b2874204604194b3,9a4247d64440d223be088ccfb2dd3e47c07e346e26fc6f39e0571fa3f15284b1,8b5f7961d0acf809aaf09ecd2b14fe7a90facf1ddc702b9275dcc24b9523a277
audit_09,a1,,6,llama3.2:3b,a80c4f17acd5,0.7,20269106,1dbcf9862104cea71a7df99f08a68cdc856483fedd7b19c6fa500be43d1f991a,False,False,False,False,attempted,0,0,0,0,0,0,False,syntax failure,FormulaSyntaxError: unexpected character at offset 11,False,,de9dde5047bc260205e352e0e57d5de9ee53d16141b8bee7b2874204604194b3,9a4247d64440d223be088ccfb2dd3e47c07e346e26fc6f39e0571fa3f15284b1,6abde55296999082c3f7b53779c9baa3db2ff2069dd4a3a84c5d6c1b3536b3c5
audit_09,a1,,7,llama3.2:3b,a80c4f17acd5,0.7,20269107,2490cc085d5bcccbc2625029d008c3a61afd4dd718505a20ff192c4fb0e37ac1,False,False,False,False,attempted,0,0,0,0,0,0,False,syntax failure,FormulaSyntaxError: unexpected character at offset 0,False,,de9dde5047bc260205e352e0e57d5de9ee53d16141b8bee7b2874204604194b3,9a4247d64440d223be088ccfb2dd3e47c07e346e26fc6f39e0571fa3f15284b1,420ee9649c0ad8f2335bc3c5dcbba14e3eca702a0873534f38efb7a3104bacd5
audit_09,a1,,8,llama3.2:3b,a80c4f17acd5,0.7,20269108,db314058b6207898dc87651c0f18bd02ba00264d8eaca3e559a612155670e117,False,False,False,False,attempted,0,0,0,0,0,0,False,syntax failure,FormulaSyntaxError: unexpected character at offset 34,False,,de9dde5047bc260205e352e0e57d5de9ee53d16141b8bee7b2874204604194b3,9a4247d64440d223be088ccfb2dd3e47c07e346e26fc6f39e0571fa3f15284b1,3b239f94425e27df520022311958fa5049450b27a50f5fc66b5b259f83a7295e
audit_09,a1,,9,llama3.2:3b,a80c4f17acd5,0.7,20269109,d42410927640be456599bafd74436c3ca2d61fe04ccf73e842f041e77253cb01,False,False,False,False,attempted,0,0,0,0,0,0,False,syntax failure,FormulaSyntaxError: unexpected character at offset 0,False,,de9dde5047bc260205e352e0e57d5de9ee53d16141b8bee7b2874204604194b3,9a4247d64440d223be088ccfb2dd3e47c07e346e26fc6f39e0571fa3f15284b1,82d17f553fa8b8af60cf0c214a4f95cb3b083fe901740e0d2eded9f2ecaeb053
audit_09,a2a,design_a,0,llama3.2:3b,a80c4f17acd5,0.7,20269200,3af8eb146c32e47f3d5c65ce5d982a6a796620d96792719bddecfc8ad752d153,False,False,False,False,attempted,0,0,0,0,0,0,False,syntax failure,"DSLParseError: expected a label matching [A-Za-z_][A-Za-z0-9_.-]* at line 1, column 13",False,,de9dde5047bc260205e352e0e57d5de9ee53d16141b8bee7b2874204604194b3,9407a25bcfdb1573b7c3ae5041b7dc471b3ff1dbfe8d816fe5bfe46f682cb31a,3c4f5a75a02d947d83aac00c05b55068ac8f8a49f54c9643367285e509f0a3e3
audit_09,a2a,design_a,1,llama3.2:3b,a80c4f17acd5,0.7,20269201,9d3a75b54bed4f1f4959709efe035acbb39ce9dc198ceda64ab8141e4231878b,True,True,True,False,attempted,4500,1636,2864,273,1086,1359,False,other semantic error,,False,,de9dde5047bc260205e352e0e57d5de9ee53d16141b8bee7b2874204604194b3,9407a25bcfdb1573b7c3ae5041b7dc471b3ff1dbfe8d816fe5bfe46f682cb31a,40c669de44b4978911fe014a3945c533ae5629f5adef109ddc203b2b58da3648
audit_09,a2a,design_a,2,llama3.2:3b,a80c4f17acd5,0.7,20269202,ba6eed8794c5f2a4b4ac4d5877de504bb84d553efeb381765f35a6c4f835ea06,False,False,False,False,attempted,0,0,0,0,0,0,False,syntax failure,"DSLParseError: expected '(' to start a task construct at line 1, column 1",False,,de9dde5047bc260205e352e0e57d5de9ee53d16141b8bee7b2874204604194b3,9407a25bcfdb1573b7c3ae5041b7dc471b3ff1dbfe8d816fe5bfe46f682cb31a,fce15ee7448cb22c3e8c89fd498d3ba31e5b6aa305fb199f02a1531d360d9f6e
audit_09,a2a,design_a,3,llama3.2:3b,a80c4f17acd5,0.7,20269203,4abd955b2ae36b84c262a828e2acd3dca4eff4288f465e4577cce763c0237398,False,False,False,False,attempted,0,0,0,0,0,0,False,syntax failure,"DSLParseError: expected '(' to start a task construct at line 1, column 1",False,,de9dde5047bc260205e352e0e57d5de9ee53d16141b8bee7b2874204604194b3,9407a25bcfdb1573b7c3ae5041b7dc471b3ff1dbfe8d816fe5bfe46f682cb31a,6554b2510ae98891653760c962f48c47a2857633b05639d3cd923922eef0aa46
audit_09,a2a,design_a,4,llama3.2:3b,a80c4f17acd5,0.7,20269204,8ac054320b1ade519a5a2e3707d304d7d728660f71abcbd3570fcd1d3f2f835d,False,False,False,False,attempted,0,0,0,0,0,0,False,syntax failure,"DSLParseError: expected '(' to start a task construct at line 1, column 1",False,,de9dde5047bc260205e352e0e57d5de9ee53d16141b8bee7b2874204604194b3,9407a25bcfdb1573b7c3ae5041b7dc471b3ff1dbfe8d816fe5bfe46f682cb31a,47b3ae60ea1e9962ca31f49ef3cf1073a9b9233c689581f55220071bcaa123f6
audit_09,a2a,design_a,5,llama3.2:3b,a80c4f17acd5,0.7,20269205,6914405f8f889695bfc87a6330d3f9bf880f8e06a38c9ba94020f40a4a308f22,False,False,False,False,attempted,0,0,0,0,0,0,False,syntax failure,"DSLParseError: expected '(' to start a task construct at line 1, column 1",False,,de9dde5047bc260205e352e0e57d5de9ee53d16141b8bee7b2874204604194b3,9407a25bcfdb1573b7c3ae5041b7dc471b3ff1dbfe8d816fe5bfe46f682cb31a,8b74700ae009ef94ca304d79c7b94682aa607d1e2d60a3d259494120b3ae6381
audit_09,a2a,design_a,6,llama3.2:3b,a80c4f17acd5,0.7,20269206,5aa4e77d2f5251618c5cd18e5e39b16b9eaf85b689ab0436102bd1af5b9a2249,False,False,False,False,attempted,0,0,0,0,0,0,False,syntax failure,"DSLParseError: expected '(' to start a task construct at line 1, column 1",False,,de9dde5047bc260205e352e0e57d5de9ee53d16141b8bee7b2874204604194b3,9407a25bcfdb1573b7c3ae5041b7dc471b3ff1dbfe8d816fe5bfe46f682cb31a,ec8382e7e8fe88a82ba9137285bc567eb33f2476a25ec626d1ae4b3aa76a3363
audit_09,a2a,design_a,7,llama3.2:3b,a80c4f17acd5,0.7,20269207,294c52d2a0f5c341cfee1e41696939256bd1601b4960657788231af36825e5f2,False,False,False,False,attempted,0,0,0,0,0,0,False,syntax failure,"DSLParseError: expected '(' to start a task construct at line 1, column 1",False,,de9dde5047bc260205e352e0e57d5de9ee53d16141b8bee7b2874204604194b3,9407a25bcfdb1573b7c3ae5041b7dc471b3ff1dbfe8d816fe5bfe46f682cb31a,8fdf52faa4d03f6f8bb388c326d1fefcd53a56b0757c6200558aeebec8793801
audit_09,a2a,design_a,8,llama3.2:3b,a80c4f17acd5,0.7,20269208,89c2c7fa0448ca64669acf81ae0f8e69ff0213600d01b39491977d93c47af2df,False,False,False,False,attempted,0,0,0,0,0,0,False,syntax failure,"DSLParseError: expected '(' to start a task construct at line 1, column 1",False,,de9dde5047bc260205e352e0e57d5de9ee53d16141b8bee7b2874204604194b3,9407a25bcfdb1573b7c3ae5041b7dc471b3ff1dbfe8d816fe5bfe46f682cb31a,82790a0456ec67d4992b84cb4fbea1e9ee8c0423a9efb9798fa14dc9e92ca89c
audit_09,a2a,design_a,9,llama3.2:3b,a80c4f17acd5,0.7,20269209,b7172c108967d482be59e3b54ca8a57235a89ce057e31d7863234771bcc7b2d7,False,False,False,False,attempted,0,0,0,0,0,0,False,syntax failure,"DSLParseError: expected '(' to start a task construct at line 1, column 1",False,,de9dde5047bc260205e352e0e57d5de9ee53d16141b8bee7b2874204604194b3,9407a25bcfdb1573b7c3ae5041b7dc471b3ff1dbfe8d816fe5bfe46f682cb31a,b9b87966f3f3f6d89642e2d27adae3795b297b0fb262d2d6707b93af14d4ffa1
audit_09,a2b,design_b,0,llama3.2:3b,a80c4f17acd5,0.7,20269300,afbd0a7ac6e3b095ccbb62bd171da3011e3d2c32a6d17317fc20bfa6f72366f9,False,False,False,False,attempted,0,0,0,0,0,0,False,syntax failure,"DSLSyntaxError: expected end of source at character 7, got '{'",False,,de9dde5047bc260205e352e0e57d5de9ee53d16141b8bee7b2874204604194b3,c7ae4b84d701f742ba0efac893731e42fb481996da63936e7040ce082269d7c6,4fd695ff953c692a0cd79fcf5787e6cc8bc67978f5297ff100cdb7163fd65e58
audit_09,a2b,design_b,1,llama3.2:3b,a80c4f17acd5,0.7,20269301,adce3d303285d0a673ec3a065ae872271479e3da342bf14a60f502e0394e1cc5,False,False,False,False,attempted,0,0,0,0,0,0,False,syntax failure,"DSLSyntaxError: expected end of source at character 7, got 'and'",False,,de9dde5047bc260205e352e0e57d5de9ee53d16141b8bee7b2874204604194b3,c7ae4b84d701f742ba0efac893731e42fb481996da63936e7040ce082269d7c6,14e71aaccbb5856c9965a4944f788f0295bb52c5d1690c3b3a41d92cfbbb5f9a
audit_09,a2b,design_b,2,llama3.2:3b,a80c4f17acd5,0.7,20269302,778008bd2e6af0c7ff9501859a0d8b0495ffdb2d8bd96c01b7b6aea65a16e3cd,False,False,False,False,attempted,0,0,0,0,0,0,False,syntax failure,"DSLSyntaxError: expected name at character 5, got '['",False,,de9dde5047bc260205e352e0e57d5de9ee53d16141b8bee7b2874204604194b3,c7ae4b84d701f742ba0efac893731e42fb481996da63936e7040ce082269d7c6,063feb3b2c258e55344119bbb015c048abdd389198835371645c6c9a45ddcec4
audit_09,a2b,design_b,3,llama3.2:3b,a80c4f17acd5,0.7,20269303,ae41b55d047e831019f05060e231d8f09899abd1dc65ad2c01169ba229eee8e3,False,False,False,False,attempted,0,0,0,0,0,0,False,syntax failure,DSLSyntaxError: unexpected text at character 75: '():',False,,de9dde5047bc260205e352e0e57d5de9ee53d16141b8bee7b2874204604194b3,c7ae4b84d701f742ba0efac893731e42fb481996da63936e7040ce082269d7c6,46c30aaff40257796d428f504b22157785a5f942d0b527812035e03d512ada43
audit_09,a2b,design_b,4,llama3.2:3b,a80c4f17acd5,0.7,20269304,63eb11c0edc7f9f15ce253cee5f74b964876a9e3607e4217f9ec29efdd206430,False,False,False,False,attempted,0,0,0,0,0,0,False,syntax failure,"DSLSyntaxError: expected end of source at character 7, got 'order'",False,,de9dde5047bc260205e352e0e57d5de9ee53d16141b8bee7b2874204604194b3,c7ae4b84d701f742ba0efac893731e42fb481996da63936e7040ce082269d7c6,de265c46282f56e154e51910773404c4d8bdff56cae61584b8af65e2056e77d5
audit_09,a2b,design_b,5,llama3.2:3b,a80c4f17acd5,0.7,20269305,5bc5b089a928bb6d47844c7fe10c04abed7991edccc5c88b13d0157e6bfb1c02,False,False,False,False,attempted,0,0,0,0,0,0,False,syntax failure,"DSLSyntaxError: unexpected text at character 71: ' = """"""'",False,,de9dde5047bc260205e352e0e57d5de9ee53d16141b8bee7b2874204604194b3,c7ae4b84d701f742ba0efac893731e42fb481996da63936e7040ce082269d7c6,f6f82156abc69f35842eb4ab1f88b972da0688733b95d436d7d3f4e84b20077b
audit_09,a2b,design_b,6,llama3.2:3b,a80c4f17acd5,0.7,20269306,c566361e260522c04426610bdae025ab620f3eea4b3040e57a5259a00634d029,False,False,False,False,attempted,0,0,0,0,0,0,False,syntax failure,DSLSyntaxError: unexpected text at character 0: '```python',False,,de9dde5047bc260205e352e0e57d5de9ee53d16141b8bee7b2874204604194b3,c7ae4b84d701f742ba0efac893731e42fb481996da63936e7040ce082269d7c6,2dbcf45e159b6130636c1ef09afe24e1dc62fff1271f817cfd33e22a3953baf1
audit_09,a2b,design_b,7,llama3.2:3b,a80c4f17acd5,0.7,20269307,1ba1bcb0b25d2e1e848323efab2e3e252dfa5ef52ada975fd46aba491e052cd1,False,False,False,False,attempted,0,0,0,0,0,0,False,syntax failure,"DSLSyntaxError: unexpected text at character 71: ' = """"""'",False,,de9dde5047bc260205e352e0e57d5de9ee53d16141b8bee7b2874204604194b3,c7ae4b84d701f742ba0efac893731e42fb481996da63936e7040ce082269d7c6,a34ce01af24066445a5879522b14c5c9b0ba812f74c4fbffc161ba580709f92f
audit_09,a2b,design_b,8,llama3.2:3b,a80c4f17acd5,0.7,20269308,6aa938d1ffc5da10b4995876bd2da3314b1ea70910a7399945b08cd1237f30d2,False,False,False,False,attempted,0,0,0,0,0,0,False,syntax failure,"DSLSyntaxError: expected end of source at character 7, got 'order'",False,,de9dde5047bc260205e352e0e57d5de9ee53d16141b8bee7b2874204604194b3,c7ae4b84d701f742ba0efac893731e42fb481996da63936e7040ce082269d7c6,4d4efb0d6b8a66c4997018b255edb0410dfde9aeb0d01243083929f654acfb7d
audit_09,a2b,design_b,9,llama3.2:3b,a80c4f17acd5,0.7,20269309,0492d2c43078bd0dbc8876f7f1474e92933ccba5c3a4ba88be2ee94767bd6ae3,False,False,False,False,attempted,0,0,0,0,0,0,False,syntax failure,"DSLSyntaxError: expected name at character 5, got '['",False,,de9dde5047bc260205e352e0e57d5de9ee53d16141b8bee7b2874204604194b3,c7ae4b84d701f742ba0efac893731e42fb481996da63936e7040ce082269d7c6,5517dffa46918a617bf5fdd28c49bdf120b2e07ef18a7f2b62d2c2f85860203e
audit_09,a2c,design_c,0,llama3.2:3b,a80c4f17acd5,0.7,20269400,1ff43704e9ec01a76e77a237f309bf8bc73e35f8efa8b216b37bb7c1c6c8b49a,False,False,False,False,attempted,0,0,0,0,0,0,False,syntax failure,"DSLParseError: unexpected character ':' at line 3, column 14",False,,de9dde5047bc260205e352e0e57d5de9ee53d16141b8bee7b2874204604194b3,715a19a0790c7342e91c26c2031491c62d81874e9d5afb5534357f60c3d5090c,9fa2f66a658cd8c3b6d0683fc1cd5b7923d5b71387acdf84859d6b6ae071ba70
audit_09,a2c,design_c,1,llama3.2:3b,a80c4f17acd5,0.7,20269401,478061b30b152b359240d80505d6f62557764fc5a2cbb22d249a8c22421ef9c4,False,False,False,False,attempted,0,0,0,0,0,0,False,syntax failure,"DSLParseError: unexpected character ':' at line 3, column 26",False,,de9dde5047bc260205e352e0e57d5de9ee53d16141b8bee7b2874204604194b3,715a19a0790c7342e91c26c2031491c62d81874e9d5afb5534357f60c3d5090c,925d9cbae89cfc028159dc0b58e8ac71fa0451d6ffe0987a3ff154406de48fbb
audit_09,a2c,design_c,2,llama3.2:3b,a80c4f17acd5,0.7,20269402,a9e6c988ff87532f4738618db34ca560f625e83ec591ef6b3ef64dd0172c29b9,False,False,False,False,attempted,0,0,0,0,0,0,False,syntax failure,"DSLParseError: unexpected character ':' at line 1, column 27",False,,de9dde5047bc260205e352e0e57d5de9ee53d16141b8bee7b2874204604194b3,715a19a0790c7342e91c26c2031491c62d81874e9d5afb5534357f60c3d5090c,c5aced9c1dfc98a110ce186ff8ba5be13be08a3bc48b377f7883b2ca6d860a0a
audit_09,a2c,design_c,3,llama3.2:3b,a80c4f17acd5,0.7,20269403,54802bc7d16b2a21406e7383bdb7516d272631b6273512790f9d422b2ad96ae2,False,False,False,False,attempted,0,0,0,0,0,0,False,syntax failure,"DSLParseError: unexpected character ':' at line 3, column 15",False,,de9dde5047bc260205e352e0e57d5de9ee53d16141b8bee7b2874204604194b3,715a19a0790c7342e91c26c2031491c62d81874e9d5afb5534357f60c3d5090c,d4495e045228a76e1df890a4c55224e1463359b5275bf88288286997311f0288
audit_09,a2c,design_c,4,llama3.2:3b,a80c4f17acd5,0.7,20269404,c2ce9eca36ad27ea5257d65da1dcf7cc634d0fca47231771b65d9a829bf37c96,False,False,False,False,attempted,0,0,0,0,0,0,False,syntax failure,"DSLParseError: unexpected character '@' at line 5, column 1",False,,de9dde5047bc260205e352e0e57d5de9ee53d16141b8bee7b2874204604194b3,715a19a0790c7342e91c26c2031491c62d81874e9d5afb5534357f60c3d5090c,956fa762fc4d5d6714b6d1b9c9b6ad96a5c780294fb09d34128809f4d78445eb
audit_09,a2c,design_c,5,llama3.2:3b,a80c4f17acd5,0.7,20269405,789b908f289ef4891b4e288421bd6acf1865a11801dbe0c7cffb29a04deed5c0,False,False,False,False,attempted,0,0,0,0,0,0,False,syntax failure,"DSLParseError: unexpected character '=' at line 3, column 6",False,,de9dde5047bc260205e352e0e57d5de9ee53d16141b8bee7b2874204604194b3,715a19a0790c7342e91c26c2031491c62d81874e9d5afb5534357f60c3d5090c,22b7e21264228f36096c1236316d2b48a4e0b8aa05fc598ccddb6315724c640e
audit_09,a2c,design_c,6,llama3.2:3b,a80c4f17acd5,0.7,20269406,841221ef6a4cd522e64aed57b67522ffac3d4367a6fd8cb998d96fc76ec6b6c9,False,False,False,False,attempted,0,0,0,0,0,0,False,syntax failure,"DSLParseError: unexpected character ':' at line 1, column 15",False,,de9dde5047bc260205e352e0e57d5de9ee53d16141b8bee7b2874204604194b3,715a19a0790c7342e91c26c2031491c62d81874e9d5afb5534357f60c3d5090c,0e5d7272b880f1a35149d16420786ddb5472971b8f18788a3126169d33106edc
audit_09,a2c,design_c,7,llama3.2:3b,a80c4f17acd5,0.7,20269407,a9e759e053c3180014c35741d403ab6af94dea441136178ea288a01ff0b14551,False,False,False,False,attempted,0,0,0,0,0,0,False,syntax failure,"DSLParseError: unexpected character '{' at line 1, column 1",False,,de9dde5047bc260205e352e0e57d5de9ee53d16141b8bee7b2874204604194b3,715a19a0790c7342e91c26c2031491c62d81874e9d5afb5534357f60c3d5090c,508fb91d6848c1d6c09028ddf76738adcabf4c7220a49cc854839c8ba4cfcd87
audit_09,a2c,design_c,8,llama3.2:3b,a80c4f17acd5,0.7,20269408,617adcaebcb8cf251ba9c50ed2bcff558bfaa86b5e5c3f6ce8a6702932fba12e,False,False,False,False,attempted,0,0,0,0,0,0,False,syntax failure,"DSLParseError: unexpected character '#' at line 3, column 1",False,,de9dde5047bc260205e352e0e57d5de9ee53d16141b8bee7b2874204604194b3,715a19a0790c7342e91c26c2031491c62d81874e9d5afb5534357f60c3d5090c,1867e6b530f05d5a80e6ba71530eb6b2414edbeeedbf649aaa67d0e95800e88a
audit_09,a2c,design_c,9,llama3.2:3b,a80c4f17acd5,0.7,20269409,652dce218bb76cd64ce1f81e97a79871c9b23d92f17a561f703c274297e24f49,False,False,False,False,attempted,0,0,0,0,0,0,False,syntax failure,"DSLParseError: unexpected character ':' at line 3, column 11",False,,de9dde5047bc260205e352e0e57d5de9ee53d16141b8bee7b2874204604194b3,715a19a0790c7342e91c26c2031491c62d81874e9d5afb5534357f60c3d5090c,5620809fab1e6b0d9eb821b2778549cfd3548a11fcf22327cb5a5313aff5daf1
audit_09,a3,,0,llama3.2:3b,a80c4f17acd5,0.7,20269500,4bf10554220d92172b818d38ecc358241961e1692844215799c38e969a630562,True,True,True,False,attempted,4500,1636,2864,1157,1106,2263,False,other semantic error,,False,,de9dde5047bc260205e352e0e57d5de9ee53d16141b8bee7b2874204604194b3,8ce1e344a4eb38f746cd91708c3151965c1d7c5e132ab2940ac3ae00a25e7d28,4231294949f90bd46e8b8ca02a9af868b76dfdc353b5686f87baff3be4b9c565
audit_09,a3,,1,llama3.2:3b,a80c4f17acd5,0.7,20269501,15721b480f07517cb0e75165d53ae94e89753d2c47268366313370d9a0024439,True,False,False,False,attempted,0,0,0,0,0,0,False,runtime error,NameError: name 'float' is not defined,False,,de9dde5047bc260205e352e0e57d5de9ee53d16141b8bee7b2874204604194b3,8ce1e344a4eb38f746cd91708c3151965c1d7c5e132ab2940ac3ae00a25e7d28,7e18efa3e711101c196003ab17e9f34402cc21f4856338f5415926b16e25e619
audit_09,a3,,2,llama3.2:3b,a80c4f17acd5,0.7,20269502,176f108f8d2778a5640e59c390a2572137f91c715bdebcd93125131a1726fb5a,True,False,False,False,attempted,0,0,0,0,0,0,False,runtime error,TypeError: 'list' object is not an iterator,False,,de9dde5047bc260205e352e0e57d5de9ee53d16141b8bee7b2874204604194b3,8ce1e344a4eb38f746cd91708c3151965c1d7c5e132ab2940ac3ae00a25e7d28,5e5f665a93ebf5b6b16def25f6f43b9bd19fc48f08b31084b08cd947d7df9225
audit_09,a3,,3,llama3.2:3b,a80c4f17acd5,0.7,20269503,b95d4a57cd67567356502780e59d8e25383a17c63499efc9f4565a0a1bde0601,True,False,False,False,attempted,0,0,0,0,0,0,False,runtime error,ValueError: disallowed Python construct: Import,False,,de9dde5047bc260205e352e0e57d5de9ee53d16141b8bee7b2874204604194b3,8ce1e344a4eb38f746cd91708c3151965c1d7c5e132ab2940ac3ae00a25e7d28,28d36358898eaf9c7718d0d3695f46e0c4145310e75fb6742b1b510eda3b664c
audit_09,a3,,4,llama3.2:3b,a80c4f17acd5,0.7,20269504,100fa1c4bfd5918dbbdb81558cc78131f6b2c5716cc914bdf2556b61715b2331,True,False,False,False,attempted,0,0,0,0,0,0,False,runtime error,ValueError: disallowed Python construct: Import,False,,de9dde5047bc260205e352e0e57d5de9ee53d16141b8bee7b2874204604194b3,8ce1e344a4eb38f746cd91708c3151965c1d7c5e132ab2940ac3ae00a25e7d28,0a758615e9223137b0db4eef9d81f068413ae0120b77cbaf785bac16d6d1ebf7
audit_09,a3,,5,llama3.2:3b,a80c4f17acd5,0.7,20269505,5601209151da2a4b530c2432fc5f1372304b717524563fc5dd86d13db6d38e11,True,False,False,False,attempted,0,0,0,0,0,0,False,runtime error,TypeError: Monitor.__init__() missing 1 required positional argument: 'proposition_labels',False,,de9dde5047bc260205e352e0e57d5de9ee53d16141b8bee7b2874204604194b3,8ce1e344a4eb38f746cd91708c3151965c1d7c5e132ab2940ac3ae00a25e7d28,c1b393b8ea80742288b62cc76d9e83e7b6dba47c701404e6948ded50661514a3
audit_09,a3,,6,llama3.2:3b,a80c4f17acd5,0.7,20269506,a28d77b160a329d49d7f8bf824f1abfdbb62eb89867cb286f0e8ff9f2057301d,True,False,False,False,attempted,0,0,0,0,0,0,False,runtime error,TypeError: Monitor.__init__() missing 1 required positional argument: 'proposition_names',False,,de9dde5047bc260205e352e0e57d5de9ee53d16141b8bee7b2874204604194b3,8ce1e344a4eb38f746cd91708c3151965c1d7c5e132ab2940ac3ae00a25e7d28,c26b8384423c846c38a089e91f78186e03b64322ddb1a52b058ae9628bf05eef
audit_09,a3,,7,llama3.2:3b,a80c4f17acd5,0.7,20269507,f18b35b4dd31984b664316b927d9a5c7e9b2eddec719b549b987082cd4876901,True,False,False,False,attempted,0,0,0,0,0,0,False,runtime error,IndexError: list index out of range,False,,de9dde5047bc260205e352e0e57d5de9ee53d16141b8bee7b2874204604194b3,8ce1e344a4eb38f746cd91708c3151965c1d7c5e132ab2940ac3ae00a25e7d28,c96f7f423968964bb3cd4d77c816253c893d2f6f71d951303d6004002c42cf79
audit_09,a3,,8,llama3.2:3b,a80c4f17acd5,0.7,20269508,21bbc81565819133706e14e1478ba72a86fa5ab0e392269f9fe32b230e2585e1,True,True,True,False,attempted,4500,1636,2864,0,1636,1636,False,other semantic error,,False,,de9dde5047bc260205e352e0e57d5de9ee53d16141b8bee7b2874204604194b3,8ce1e344a4eb38f746cd91708c3151965c1d7c5e132ab2940ac3ae00a25e7d28,29efe0ef8ac091156683a2610e67c30c49bf0097fa612ae8566111b2af42c757
audit_09,a3,,9,llama3.2:3b,a80c4f17acd5,0.7,20269509,54fc74f68741a2a5a263404ff9cbe13b5f694a58d4ef26c8fd3e8969e71a6d9e,True,False,False,False,attempted,0,0,0,0,0,0,False,runtime error,TypeError: object of type 'bool' has no len(),False,,de9dde5047bc260205e352e0e57d5de9ee53d16141b8bee7b2874204604194b3,8ce1e344a4eb38f746cd91708c3151965c1d7c5e132ab2940ac3ae00a25e7d28,2747f02be59ebd668c44234042d77d8438c9136ee4f3eaac557b2db12cb07acf
audit_10,a1,,0,llama3.2:3b,a80c4f17acd5,0.7,20270100,db6e68a15cb6828ebd6abcf83c6bff2dafd4337851c78e32fc67bb70391e6b57,False,False,False,False,attempted,0,0,0,0,0,0,False,syntax failure,FormulaSyntaxError: missing closing parenthesis,False,,de9dde5047bc260205e352e0e57d5de9ee53d16141b8bee7b2874204604194b3,7d48c8d1e4db9ad4d999c42cb07b346a33fc515c8a9759aa5653b41e96093c54,0ffd254c69d3732b3ac018a943ee58448d276146ae750b5f9fc2963a05fbf423
audit_10,a1,,1,llama3.2:3b,a80c4f17acd5,0.7,20270101,3a26053b30438d0020c0b9f3969e49baf78b94410d4e15b81018a2aeb4b88238,False,False,False,False,attempted,0,0,0,0,0,0,False,syntax failure,FormulaSyntaxError: unexpected character at offset 9,False,,de9dde5047bc260205e352e0e57d5de9ee53d16141b8bee7b2874204604194b3,7d48c8d1e4db9ad4d999c42cb07b346a33fc515c8a9759aa5653b41e96093c54,50361019d518046e3c5973dd9abfb8582f5ef3341ae886638d461b03a67a99ba
audit_10,a1,,2,llama3.2:3b,a80c4f17acd5,0.7,20270102,788f674584d33a918441b0b05226d5c4ec1570bb3840335b57f429ecfca738b0,False,False,False,False,attempted,0,0,0,0,0,0,False,syntax failure,FormulaSyntaxError: unexpected character at offset 18,False,,de9dde5047bc260205e352e0e57d5de9ee53d16141b8bee7b2874204604194b3,7d48c8d1e4db9ad4d999c42cb07b346a33fc515c8a9759aa5653b41e96093c54,899027d07f7bfd310156c9f375b72a6476804022e46237bc5f9f164a37fb86a2
audit_10,a1,,3,llama3.2:3b,a80c4f17acd5,0.7,20270103,bd7e71054359312a9e240886dde222c80dcb7fcffaad9f0a8e1be726784b5845,False,False,False,False,attempted,0,0,0,0,0,0,False,syntax failure,FormulaSyntaxError: unexpected character at offset 45,False,,de9dde5047bc260205e352e0e57d5de9ee53d16141b8bee7b2874204604194b3,7d48c8d1e4db9ad4d999c42cb07b346a33fc515c8a9759aa5653b41e96093c54,aa10a20f3d4623e4938f1da9f4296f4a27488215577389392f83d3d659bed7c0
audit_10,a1,,4,llama3.2:3b,a80c4f17acd5,0.7,20270104,505d6e19ade4cc7fec25bc83430a20d7d9b354039ee19b5b66e30193af440d9d,False,False,False,False,attempted,0,0,0,0,0,0,False,syntax failure,FormulaSyntaxError: unexpected character at offset 25,False,,de9dde5047bc260205e352e0e57d5de9ee53d16141b8bee7b2874204604194b3,7d48c8d1e4db9ad4d999c42cb07b346a33fc515c8a9759aa5653b41e96093c54,ddad06ffbe6599e43ab5b9be893b907651055ff130eb0d46a373802013f91cee
audit_10,a1,,5,llama3.2:3b,a80c4f17acd5,0.7,20270105,b5317b70416123eb8da277e40bfd078b156235043c1928c4fff6734795098f35,False,False,False,False,attempted,0,0,0,0,0,0,False,syntax failure,FormulaSyntaxError: unexpected character at offset 28,False,,de9dde5047bc260205e352e0e57d5de9ee53d16141b8bee7b2874204604194b3,7d48c8d1e4db9ad4d999c42cb07b346a33fc515c8a9759aa5653b41e96093c54,66f55bc1d19cb7750d823365d3244e7202fcb4abb952f3cf56e4665dfb503703
audit_10,a1,,6,llama3.2:3b,a80c4f17acd5,0.7,20270106,117da21878608ce87390a0183f42c5bda51f99ff764b89ebe482748271e48380,True,True,True,False,attempted,4500,1527,2973,2504,0,2504,False,other semantic error,,False,,de9dde5047bc260205e352e0e57d5de9ee53d16141b8bee7b2874204604194b3,7d48c8d1e4db9ad4d999c42cb07b346a33fc515c8a9759aa5653b41e96093c54,a038aa265321403e84481d79950b6233fa579f65fc427a0168ccac3faeb3d3d7
audit_10,a1,,7,llama3.2:3b,a80c4f17acd5,0.7,20270107,e9949bdb041574903f6ab674aa465afcd8b3f01aa46cde1de111bdfefcc2f132,False,False,False,False,attempted,0,0,0,0,0,0,False,syntax failure,FormulaSyntaxError: unexpected character at offset 43,False,,de9dde5047bc260205e352e0e57d5de9ee53d16141b8bee7b2874204604194b3,7d48c8d1e4db9ad4d999c42cb07b346a33fc515c8a9759aa5653b41e96093c54,d4a3c8d995908141ff037713e2c242a07c21512dd4513832963227e9f9e023ac
audit_10,a1,,8,llama3.2:3b,a80c4f17acd5,0.7,20270108,03838c79d273bd93463e55c0e766e5c04679580de96ebfe2842df8d6d998f4b7,False,False,False,False,attempted,0,0,0,0,0,0,False,syntax failure,FormulaSyntaxError: unexpected character at offset 80,False,,de9dde5047bc260205e352e0e57d5de9ee53d16141b8bee7b2874204604194b3,7d48c8d1e4db9ad4d999c42cb07b346a33fc515c8a9759aa5653b41e96093c54,34c71ce4712a8beaefedd5992e8fdd33ccee9e4d19100675630a9fa849d3acff
audit_10,a1,,9,llama3.2:3b,a80c4f17acd5,0.7,20270109,6e1bee008cef2dc92caf95c34c5923476299524ccb4d28b7b4e18afc147ba1c1,False,False,False,False,attempted,0,0,0,0,0,0,False,syntax failure,FormulaSyntaxError: unexpected character at offset 27,False,,de9dde5047bc260205e352e0e57d5de9ee53d16141b8bee7b2874204604194b3,7d48c8d1e4db9ad4d999c42cb07b346a33fc515c8a9759aa5653b41e96093c54,57a1a3f5696a6a22a225a8d9acb6ae4ed77cb058f268a9753cd3bbe9259a85c4
audit_10,a2a,design_a,0,llama3.2:3b,a80c4f17acd5,0.7,20270200,a4861d5706183cfefd504c8d5c36ec70ffc7dbaca4a85c3981a3c23abd5d6c2e,False,False,False,False,attempted,0,0,0,0,0,0,False,syntax failure,"DSLParseError: expected '(' to start a task construct at line 1, column 1",False,,de9dde5047bc260205e352e0e57d5de9ee53d16141b8bee7b2874204604194b3,374e6709b43e04ecaf05fc81a41b0a9dd12c9e28e7e0f43232aa2fb90560d367,304daf9fd02c757c6675828a9229ea57c8d0fad40c7728b41815a777a1c5b255
audit_10,a2a,design_a,1,llama3.2:3b,a80c4f17acd5,0.7,20270201,9ef6d031ad503f8e104ce32eeef7a605971913ca163e2ca75ed9f9acb6b57fe1,False,False,False,False,attempted,0,0,0,0,0,0,False,syntax failure,"DSLParseError: expected '(' to start a task construct at line 1, column 1",False,,de9dde5047bc260205e352e0e57d5de9ee53d16141b8bee7b2874204604194b3,374e6709b43e04ecaf05fc81a41b0a9dd12c9e28e7e0f43232aa2fb90560d367,cfd068ec4479ad08f417ec2eeedb83e6b7935ee7a7c2f088a12aa95c6323552d
audit_10,a2a,design_a,2,llama3.2:3b,a80c4f17acd5,0.7,20270202,10bae2cda334ba5d4c365bcaed05ac28ffef08f167c503340d38d0302fd83989,False,False,False,False,attempted,0,0,0,0,0,0,False,syntax failure,"DSLParseError: expected '(' to start a task construct at line 1, column 1",False,,de9dde5047bc260205e352e0e57d5de9ee53d16141b8bee7b2874204604194b3,374e6709b43e04ecaf05fc81a41b0a9dd12c9e28e7e0f43232aa2fb90560d367,c969c20ec86a89ba7ceee02ebbe4c92ff25cbe4364cc54ca2fafd19e340a7e27
audit_10,a2a,design_a,3,llama3.2:3b,a80c4f17acd5,0.7,20270203,1b22551af7e1ecc6cb46d51f9e7ebd5fef3f1efd7b8673e692a8679369c78b08,False,False,False,False,attempted,0,0,0,0,0,0,False,syntax failure,"DSLParseError: expected '(' to start a task construct at line 1, column 1",False,,de9dde5047bc260205e352e0e57d5de9ee53d16141b8bee7b2874204604194b3,374e6709b43e04ecaf05fc81a41b0a9dd12c9e28e7e0f43232aa2fb90560d367,afb79170bab0f1b3beba1f2a45426716187e05fe6c633eaaded1f62e033b99b9
audit_10,a2a,design_a,4,llama3.2:3b,a80c4f17acd5,0.7,20270204,d83c4fd460fa70928eb684d9baab60e9530e86173ce21ddc342340cc8094704e,False,False,False,False,attempted,0,0,0,0,0,0,False,syntax failure,"DSLParseError: too many arguments to 'eventually' at line 1, column 15",False,,de9dde5047bc260205e352e0e57d5de9ee53d16141b8bee7b2874204604194b3,374e6709b43e04ecaf05fc81a41b0a9dd12c9e28e7e0f43232aa2fb90560d367,29088b80484ed57f2818a2597a84bf86343bc459be3e832ed185256529a41e81
audit_10,a2a,design_a,5,llama3.2:3b,a80c4f17acd5,0.7,20270205,8d492e45a11bf9c3c2bd33a56e7cb97b0f9ffc27417dba6af674bb3ab4bcccfe,False,False,False,False,attempted,0,0,0,0,0,0,False,syntax failure,"DSLParseError: expected '(' to start a task construct at line 1, column 1",False,,de9dde5047bc260205e352e0e57d5de9ee53d16141b8bee7b2874204604194b3,374e6709b43e04ecaf05fc81a41b0a9dd12c9e28e7e0f43232aa2fb90560d367,dbac136dad1616f2542053a97e9f0ed38ac954b0ccfec802ac4bfc1c35a56212
audit_10,a2a,design_a,6,llama3.2:3b,a80c4f17acd5,0.7,20270206,c2ec52c62a3de4870cc6d674c4067d91d3feddd76d048f94ba87bf203760e4c1,False,False,False,False,attempted,0,0,0,0,0,0,False,syntax failure,"DSLParseError: too many arguments to 'eventually' at line 1, column 15",False,,de9dde5047bc260205e352e0e57d5de9ee53d16141b8bee7b2874204604194b3,374e6709b43e04ecaf05fc81a41b0a9dd12c9e28e7e0f43232aa2fb90560d367,936132be1c8d7aaf8a20f3f256985409d4be9c6ed481f34d9fc9aa88e53b2d6e
audit_10,a2a,design_a,7,llama3.2:3b,a80c4f17acd5,0.7,20270207,efb781f321e34fd5bcac09c4be468d98d4f5fbe502b70c1e728b25a2c3f19410,False,False,False,False,attempted,0,0,0,0,0,0,False,syntax failure,"DSLParseError: expected a label matching [A-Za-z_][A-Za-z0-9_.-]* at line 4, column 3",False,,de9dde5047bc260205e352e0e57d5de9ee53d16141b8bee7b2874204604194b3,374e6709b43e04ecaf05fc81a41b0a9dd12c9e28e7e0f43232aa2fb90560d367,c45ba1701fc0dafa8ae36f03a7c177a09a284dacb37d7f3d5db58ff5afc599a2
audit_10,a2a,design_a,8,llama3.2:3b,a80c4f17acd5,0.7,20270208,0219432869869b5b3da383519f1e0e93ddd46fe6a08c03b0089c3dbd1bc2321a,False,False,False,False,attempted,0,0,0,0,0,0,False,syntax failure,"DSLParseError: expected '(' to start a task construct at line 1, column 1",False,,de9dde5047bc260205e352e0e57d5de9ee53d16141b8bee7b2874204604194b3,374e6709b43e04ecaf05fc81a41b0a9dd12c9e28e7e0f43232aa2fb90560d367,11914485328f2ba69e68e57090adff1b25397495cd8da921de9a51f3083b3b12
audit_10,a2a,design_a,9,llama3.2:3b,a80c4f17acd5,0.7,20270209,8ee56319c34244017cade743e2a24f21076ca607e15b3c74e268d0720794c028,False,False,False,False,attempted,0,0,0,0,0,0,False,syntax failure,"DSLParseError: expected '(' to start a task construct at line 1, column 1",False,,de9dde5047bc260205e352e0e57d5de9ee53d16141b8bee7b2874204604194b3,374e6709b43e04ecaf05fc81a41b0a9dd12c9e28e7e0f43232aa2fb90560d367,dc3a60a89c3c01a7dc593fdcb2b40d6a1624ea91f0fb62576f1b3435476f5125
audit_10,a2b,design_b,0,llama3.2:3b,a80c4f17acd5,0.7,20270300,79b6ba35d543284ace09ec891406b0199518688b7e4e86220a467e3ff87714a9,False,False,False,False,attempted,0,0,0,0,0,0,False,syntax failure,"DSLSyntaxError: expected end of source at character 7, got '{'",False,,de9dde5047bc260205e352e0e57d5de9ee53d16141b8bee7b2874204604194b3,a29b554b0d33eba2d2aa36cd48e395e07e621b7f87552b42a90871d274df82a9,b0c2a8983945aed63af2f8e3b6f5d1535b6db91a6ed18e6e907595262adce295
audit_10,a2b,design_b,1,llama3.2:3b,a80c4f17acd5,0.7,20270301,a20c68da597a0032713d594abcc971a30dfd89828d651e0f26e3461b18ced41b,False,False,False,False,attempted,0,0,0,0,0,0,False,syntax failure,"DSLSyntaxError: unexpected text at character 71: ' = """"""'",False,,de9dde5047bc260205e352e0e57d5de9ee53d16141b8bee7b2874204604194b3,a29b554b0d33eba2d2aa36cd48e395e07e621b7f87552b42a90871d274df82a9,c6d08d2f0f926166bd2af28c683f345cf1c7225b6f9176fc2acc9c1cc299c0be
audit_10,a2b,design_b,2,llama3.2:3b,a80c4f17acd5,0.7,20270302,4a031fc5dab1cafaa8266f26602a11dd84bc6941da9339e260b9ea2d844f4bb2,False,False,False,False,attempted,0,0,0,0,0,0,False,syntax failure,"DSLSyntaxError: expected end of source at character 7, got '{'",False,,de9dde5047bc260205e352e0e57d5de9ee53d16141b8bee7b2874204604194b3,a29b554b0d33eba2d2aa36cd48e395e07e621b7f87552b42a90871d274df82a9,1b0998c987e169418d4284877663197d990de538e312409394c117ac387153bf
audit_10,a2b,design_b,3,llama3.2:3b,a80c4f17acd5,0.7,20270303,d754f832b622d9d54c00cda38418baa6f95682c6b49098cd4df4724b3e705226,False,False,False,False,attempted,0,0,0,0,0,0,False,syntax failure,"DSLSyntaxError: expected end of source at character 7, got '{'",False,,de9dde5047bc260205e352e0e57d5de9ee53d16141b8bee7b2874204604194b3,a29b554b0d33eba2d2aa36cd48e395e07e621b7f87552b42a90871d274df82a9,b97bcee3e42ff6883dbfccb78d7b4256cc31ae589fa43e6a170c771c7e9dff95
audit_10,a2b,design_b,4,llama3.2:3b,a80c4f17acd5,0.7,20270304,87a4fbe5abc58f43776ced2b8dd17843dd88d2c3b6f43a07bf901e6980409927,False,False,False,False,attempted,0,0,0,0,0,0,False,syntax failure,"DSLSyntaxError: expected end of source at character 7, got 'any'",False,,de9dde5047bc260205e352e0e57d5de9ee53d16141b8bee7b2874204604194b3,a29b554b0d33eba2d2aa36cd48e395e07e621b7f87552b42a90871d274df82a9,0149600cd8277b8d36470dec17b2c709353bffbaa7c83f6cfc474ec371e5d558
audit_10,a2b,design_b,5,llama3.2:3b,a80c4f17acd5,0.7,20270305,717305995f1118f2719646253eea9d1b47e3d3d9dd61719d85dc2cd2520b250f,False,False,False,False,attempted,0,0,0,0,0,0,False,syntax failure,"DSLSyntaxError: unexpected text at character 77: '(source=""""""'",False,,de9dde5047bc260205e352e0e57d5de9ee53d16141b8bee7b2874204604194b3,a29b554b0d33eba2d2aa36cd48e395e07e621b7f87552b42a90871d274df82a9,0b3b7da09c30961d6b7cc16f594c1f34c941e1eaa1817245e8f099707c467b6b
audit_10,a2b,design_b,6,llama3.2:3b,a80c4f17acd5,0.7,20270306,d802a1d8c8758300efcc50deffd2b59a9211192a14dd417c53e8bc053e11e8a7,False,False,False,False,attempted,0,0,0,0,0,0,False,syntax failure,"DSLSyntaxError: expected end of source at character 7, got '{'",False,,de9dde5047bc260205e352e0e57d5de9ee53d16141b8bee7b2874204604194b3,a29b554b0d33eba2d2aa36cd48e395e07e621b7f87552b42a90871d274df82a9,2f7c3381d17053ed5567cba7bb6c0d0a5b81783115846475f015f6ccfa7ea844
audit_10,a2b,design_b,7,llama3.2:3b,a80c4f17acd5,0.7,20270307,444c39ff498cc7dc96365c56175d3fcbc1559d58f9a860d0574b0ee5c424567c,False,False,False,False,attempted,0,0,0,0,0,0,False,syntax failure,DSLSyntaxError: unexpected text at character 75: '():',False,,de9dde5047bc260205e352e0e57d5de9ee53d16141b8bee7b2874204604194b3,a29b554b0d33eba2d2aa36cd48e395e07e621b7f87552b42a90871d274df82a9,03b1b9b403dc6e2224977e45470560dd2bd864cbc2d4c099a915dfce39594e7f
audit_10,a2b,design_b,8,llama3.2:3b,a80c4f17acd5,0.7,20270308,f0da2026dbb65a40273533858a72502e93d2171a08ad7002b828ce625eda5a26,False,False,False,False,attempted,0,0,0,0,0,0,False,syntax failure,"DSLSyntaxError: expected end of source at character 7, got 'after'",False,,de9dde5047bc260205e352e0e57d5de9ee53d16141b8bee7b2874204604194b3,a29b554b0d33eba2d2aa36cd48e395e07e621b7f87552b42a90871d274df82a9,c4b5e419c1298d1571fb64c865ef1aa69506733fe2b2779372f18ed4d6b98be3
audit_10,a2b,design_b,9,llama3.2:3b,a80c4f17acd5,0.7,20270309,4120faeca1e724885c8a04263e7a269114bbd408522298bc90b85d9c6178af68,False,False,False,False,attempted,0,0,0,0,0,0,False,syntax failure,"DSLSyntaxError: expected name at character 5, got '['",False,,de9dde5047bc260205e352e0e57d5de9ee53d16141b8bee7b2874204604194b3,a29b554b0d33eba2d2aa36cd48e395e07e621b7f87552b42a90871d274df82a9,4cd01f8d4081f06b80277382f7672cce477522e9d721e91f41d1e97790982562
audit_10,a2c,design_c,0,llama3.2:3b,a80c4f17acd5,0.7,20270400,de3edf746958af64b9f1c6060f31f56719c4ca81ed11c35fa86d782e2775153e,False,False,False,False,attempted,0,0,0,0,0,0,False,syntax failure,"DSLParseError: unexpected character ':' at line 3, column 27",False,,de9dde5047bc260205e352e0e57d5de9ee53d16141b8bee7b2874204604194b3,d8e9864f7ceb53a47721cdc430fa6021949cbfc0df05704050fc004c946802de,104905db48147c86c1120a81417a8dc919d43d94c06abf9abb88f445e8612eb5
audit_10,a2c,design_c,1,llama3.2:3b,a80c4f17acd5,0.7,20270401,e9771fb0455da357fd2025cc7a56df2a091dd41243864a2b7c65975505bea705,False,False,False,False,attempted,0,0,0,0,0,0,False,syntax failure,"DSLParseError: unexpected character '@' at line 5, column 1",False,,de9dde5047bc260205e352e0e57d5de9ee53d16141b8bee7b2874204604194b3,d8e9864f7ceb53a47721cdc430fa6021949cbfc0df05704050fc004c946802de,41c77c37bf1532e776a0f6469171eb883a51a52c9e3629ee52ec51529c846c96
audit_10,a2c,design_c,2,llama3.2:3b,a80c4f17acd5,0.7,20270402,43c48e7335fb15d79456ec9dfa46cf60bccc10b43ff96f46dddfd2e4273fbf58,False,False,False,False,attempted,0,0,0,0,0,0,False,syntax failure,"DSLParseError: unexpected character ':' at line 5, column 23",False,,de9dde5047bc260205e352e0e57d5de9ee53d16141b8bee7b2874204604194b3,d8e9864f7ceb53a47721cdc430fa6021949cbfc0df05704050fc004c946802de,8fef2bf32bd3b28372974d869cab433ab2af8bdf456552e052fade4d70f89b7e
audit_10,a2c,design_c,3,llama3.2:3b,a80c4f17acd5,0.7,20270403,3d62b02a995e81f47bac19dcdf94cf538bb6807e350fb6eea6d1b65f1a17e76d,False,False,False,False,attempted,0,0,0,0,0,0,False,syntax failure,"DSLParseError: unexpected character '=' at line 3, column 6",False,,de9dde5047bc260205e352e0e57d5de9ee53d16141b8bee7b2874204604194b3,d8e9864f7ceb53a47721cdc430fa6021949cbfc0df05704050fc004c946802de,24c81bbd4d7535c311fa64c3f66f15e7f89bf95e9612f11104e197ab409de1d3
audit_10,a2c,design_c,4,llama3.2:3b,a80c4f17acd5,0.7,20270404,5b2ec31f3e1b61c7741807d5ea1a478be2b8b5fe2a702d8be2fdb2ca2c361020,False,False,False,False,attempted,0,0,0,0,0,0,False,syntax failure,"DSLParseError: unexpected character ':' at line 1, column 23",False,,de9dde5047bc260205e352e0e57d5de9ee53d16141b8bee7b2874204604194b3,d8e9864f7ceb53a47721cdc430fa6021949cbfc0df05704050fc004c946802de,d4a475a8d46981d95aa2022b2835b07bada0932383a995d3a3917c1205fb68a4
audit_10,a2c,design_c,5,llama3.2:3b,a80c4f17acd5,0.7,20270405,5d2d6e2b675a10c1cb2ba5923b52c4a4723e089cfb2de3a536746ca285ce1324,False,False,False,False,attempted,0,0,0,0,0,0,False,syntax failure,"DSLParseError: unexpected character '#' at line 1, column 1",False,,de9dde5047bc260205e352e0e57d5de9ee53d16141b8bee7b2874204604194b3,d8e9864f7ceb53a47721cdc430fa6021949cbfc0df05704050fc004c946802de,1830287dc5cebb2dbd47218e1523c71c1ea9557254427c00cdbab804af1073da
audit_10,a2c,design_c,6,llama3.2:3b,a80c4f17acd5,0.7,20270406,91aeb840c0e3cf9318ffbb52b2b625e0086dd2e85615864ad1c5993b152714be,False,False,False,False,attempted,0,0,0,0,0,0,False,syntax failure,"DSLParseError: unexpected character ':' at line 3, column 32",False,,de9dde5047bc260205e352e0e57d5de9ee53d16141b8bee7b2874204604194b3,d8e9864f7ceb53a47721cdc430fa6021949cbfc0df05704050fc004c946802de,040ad6a1aeb142d7983b61397c950d5a682160b128b3a3665b5b49f92b6f4a97
audit_10,a2c,design_c,7,llama3.2:3b,a80c4f17acd5,0.7,20270407,8344b604220c55cff6e635e6f3bedc0dee939e4d78a01a396f91cf9b082f03cc,False,False,False,False,attempted,0,0,0,0,0,0,False,syntax failure,"DSLParseError: unexpected character '=' at line 3, column 6",False,,de9dde5047bc260205e352e0e57d5de9ee53d16141b8bee7b2874204604194b3,d8e9864f7ceb53a47721cdc430fa6021949cbfc0df05704050fc004c946802de,1a7dc00f9936fb59156b3e73861bf1df577bd773dd15606de480355004d9e385
audit_10,a2c,design_c,8,llama3.2:3b,a80c4f17acd5,0.7,20270408,8a795a5b1781b304cd4e167556b6dd002d9f5c2ffe74ba01f41198f04ddd5cef,False,False,False,False,attempted,0,0,0,0,0,0,False,syntax failure,"DSLParseError: unexpected character ':' at line 4, column 14",False,,de9dde5047bc260205e352e0e57d5de9ee53d16141b8bee7b2874204604194b3,d8e9864f7ceb53a47721cdc430fa6021949cbfc0df05704050fc004c946802de,ae1cba88f8a4317de42d02e693d8502eee15d7ecdbc06365bbb75dc0d6f47e6c
audit_10,a2c,design_c,9,llama3.2:3b,a80c4f17acd5,0.7,20270409,25d7dab93f715bcb14bea4287944118a0e4ed7f491c82565f0daf15a406b83b0,False,False,False,False,attempted,0,0,0,0,0,0,False,syntax failure,"DSLParseError: unexpected character ':' at line 3, column 11",False,,de9dde5047bc260205e352e0e57d5de9ee53d16141b8bee7b2874204604194b3,d8e9864f7ceb53a47721cdc430fa6021949cbfc0df05704050fc004c946802de,e1cdade9fda6ab631f721db80b20980478fb10d8a988198cb9fd567213e60fbe
audit_10,a3,,0,llama3.2:3b,a80c4f17acd5,0.7,20270500,e6813bebd9fff8bc4e589836d80bc257b5cd543bd0dda15a5ff00cdc1d7e266f,True,False,False,False,attempted,0,0,0,0,0,0,False,runtime error,ValueError: disallowed Python construct: Import,False,,de9dde5047bc260205e352e0e57d5de9ee53d16141b8bee7b2874204604194b3,dbe9302699925f7001e557d08f67a5ebafd2110c58fd9d8087f8661259ddcbd5,c95172235d7015fdbf3ae9632e2bb05e8728d48acd82cba6f35641690c2c4e62
audit_10,a3,,1,llama3.2:3b,a80c4f17acd5,0.7,20270501,77edeb00553538ea7d8fb410ec73ba53372c764fe7576f49a3136d3bb980e51f,True,False,False,False,attempted,0,0,0,0,0,0,False,runtime error,ValueError: disallowed Python construct: Import,False,,de9dde5047bc260205e352e0e57d5de9ee53d16141b8bee7b2874204604194b3,dbe9302699925f7001e557d08f67a5ebafd2110c58fd9d8087f8661259ddcbd5,4a9377f4ab2fec562c79605dc5fc0790ff48ca8acc09cd17a9b8948b5531bc91
audit_10,a3,,2,llama3.2:3b,a80c4f17acd5,0.7,20270502,e1b6a4827d30552e098418b09dc1031bac29719b13eede31d8cb4b74f2d79987,False,False,False,False,attempted,0,0,0,0,0,0,False,syntax failure,"SyntaxError: expected 'else' after 'if' expression (<unknown>, line 23)",False,,de9dde5047bc260205e352e0e57d5de9ee53d16141b8bee7b2874204604194b3,dbe9302699925f7001e557d08f67a5ebafd2110c58fd9d8087f8661259ddcbd5,ad51b28e9b5031e2aa178913d604085ec458e4c49d725e1ee0898200dc19487f
audit_10,a3,,3,llama3.2:3b,a80c4f17acd5,0.7,20270503,e6c8bc1cc6694ce08232ee8613b6dcfff71421fc6dd497917f010f533e1a06fe,False,False,False,False,attempted,0,0,0,0,0,0,False,syntax failure,"SyntaxError: invalid syntax (<unknown>, line 1)",False,,de9dde5047bc260205e352e0e57d5de9ee53d16141b8bee7b2874204604194b3,dbe9302699925f7001e557d08f67a5ebafd2110c58fd9d8087f8661259ddcbd5,264ae4fe9d8361a9c8ebb90ae7dceae9c77faec5705ec2b87bbadcea62ff3906
audit_10,a3,,4,llama3.2:3b,a80c4f17acd5,0.7,20270504,d28eb702994d2494b1ecc51fcf9e7840abe694bd5ebe685b0593f8cd36ba59d4,True,True,True,False,attempted,4500,1527,2973,1950,0,1950,False,other semantic error,,False,,de9dde5047bc260205e352e0e57d5de9ee53d16141b8bee7b2874204604194b3,dbe9302699925f7001e557d08f67a5ebafd2110c58fd9d8087f8661259ddcbd5,91dbfff2e9f9b10c7243d3708a02296e53df1ce5f3d554a3cf29b6275cdf54ef
audit_10,a3,,5,llama3.2:3b,a80c4f17acd5,0.7,20270505,5cc837af7d9c235f7d8a7887b19909886615a4f1f700f3a0b9a698ec60037d89,True,False,False,False,attempted,0,0,0,0,0,0,False,runtime error,ValueError: max() iterable argument is empty,False,,de9dde5047bc260205e352e0e57d5de9ee53d16141b8bee7b2874204604194b3,dbe9302699925f7001e557d08f67a5ebafd2110c58fd9d8087f8661259ddcbd5,a756655e4e0682de9365c1ed85c130d4350b54525c0be8c1fb3b8e2416e1c5b2
audit_10,a3,,6,llama3.2:3b,a80c4f17acd5,0.7,20270506,2c691204ca9682c67bdee2b4111d597c189d20eefc5d8ef2238e2dcaf4f5bfed,True,False,False,False,attempted,0,0,0,0,0,0,False,runtime error,TypeError: '>' not supported between instances of 'int' and 'set',False,,de9dde5047bc260205e352e0e57d5de9ee53d16141b8bee7b2874204604194b3,dbe9302699925f7001e557d08f67a5ebafd2110c58fd9d8087f8661259ddcbd5,63417be60403df651e0b48eea3f8754fb04dc8a00b7a8692996a982fc0dc4a25
audit_10,a3,,7,llama3.2:3b,a80c4f17acd5,0.7,20270507,0e488f9e3077407d1c41cc266c468d18c5b86e5b1b3ad5dd299c4f0766cc1d7f,True,False,False,False,attempted,0,0,0,0,0,0,False,runtime error,ValueError: min() iterable argument is empty,False,,de9dde5047bc260205e352e0e57d5de9ee53d16141b8bee7b2874204604194b3,dbe9302699925f7001e557d08f67a5ebafd2110c58fd9d8087f8661259ddcbd5,77f4a4ade592e2387f8daaef1f49d4bfbc1356bbb315760495370712d8462e41
audit_10,a3,,8,llama3.2:3b,a80c4f17acd5,0.7,20270508,ee5c414fe7ef34a3e740b5f18c22a97f65662df83ec02d172e905f1a50ea58b0,False,False,False,False,attempted,0,0,0,0,0,0,False,syntax failure,"SyntaxError: invalid syntax (<unknown>, line 1)",False,,de9dde5047bc260205e352e0e57d5de9ee53d16141b8bee7b2874204604194b3,dbe9302699925f7001e557d08f67a5ebafd2110c58fd9d8087f8661259ddcbd5,abfe02769861e7d5cf46a3dd34e0c76598a06b31af900ba6d08e7d6f7c315468
audit_10,a3,,9,llama3.2:3b,a80c4f17acd5,0.7,20270509,d8a99b702f16610ef560e72839295aad66051e21fba38283c8e317bcbb450fa6,True,False,False,False,attempted,0,0,0,0,0,0,False,runtime error,ValueError: disallowed Python construct: Import,False,,de9dde5047bc260205e352e0e57d5de9ee53d16141b8bee7b2874204604194b3,dbe9302699925f7001e557d08f67a5ebafd2110c58fd9d8087f8661259ddcbd5,2182e9aeb11de6dc43d19769cbd4f876a0dfe5303b33170b8e35da30fafe5736
